case_id,design_id,sweep_index,batch,representative,classification,stage_count_selector,stage_pitch_m,magnet_axial_fraction,chamber_outer_radius_m,dielectric_thickness_m,radial_clearance_m,magnet_radial_thickness_m,source_strength_scale,exit_length_fraction,exit_expansion_descriptor,first_polarity_selector,wall_radius_m,chamber_length_m,injector_length_m,exit_start_m,exit_length_m,exit_outer_radius_m,stage_count,stage_pitch_represented_m,has_divergent_exit,bore_max_b_t,centreline_mid_abs_bz_t,centreline_abs_bz_peak_t,minimum_mirror_ratio,stage_gradient_rms_t_per_m,field_energy_j,axis_cusp_count,axis_null_count,interpolation_b_relative_rms,cross_resolution_b_relative_rms,trials_2N,p_wall_2N,p_wall_2N_lower,p_wall_2N_upper,p_escape_2N,p_reflected_2N,p_timeout_2N,p_wall_N,convergence_change,converged,p_wall_2N_cell1,p_wall_2N_cell2,p_wall_2N_cell3,p_wall_2N_cell4,escape_upstream_anode_plane_2N,escape_exit_plane_2N,escape_divergent_section_radial_2N,escape_unclassified_2N,reflections_N,reflections_2N,timeouts_2N,mu_variation_median,mu_variation_max,tolerance_close_share,steps_median_2N,structural_gates_passed,gates_passed,accepted_field_identity_sha256,orbit_artifact_2N_sha256
l1a-gs-v2-000-48d2ccedd5,48d2ccedd50f4d4780dcbc5d0b1af55ccd7cd26324420ac2e241e43bc6a74d20,0,primary,True,SCREENING_L1A_FIELD_TEST_PARTICLE_WALL_LOSS,0.0,0.0038,0.48,0.0014,0.0005,0.00035,0.0022,0.75,0.0,0.0,0.0,0.0014,0.0114,0.000912,0.0114,0.0,0.0014,3,0.0038,False,0.24490004431543624,0.11772427843379328,0.11772427843379328,4.366087334148353,9.942928375353398,0.012331729557738617,3,4,0.008082754142997702,0.0048453903870952835,512,0.818359375,0.78263299633789,0.8493441245885558,0.01171875,0.169921875,0.0,0.818359375,0.0,True,0.9921875,0.75,0.5625,0.96875,1,5,0,0,87,87,0,0.4246288741958739,4.824306473931794,0.42578125,439.0,True,True,6efca2634f0b19011a6c983bcb9b5728dbc353bfef2f37da46d220cdd93b7473,523375271d67e02b6284f0274bae871982dc8f587a0aeb53124fc73462c1c914
l1a-gs-v2-001-0830ddda40,0830ddda40f52db1ff87791cc15471c5d74dada8e035f0abe31a1530716c4348,1,extension,False,SCREENING_L1A_FIELD_TEST_PARTICLE_WALL_LOSS,1.0,0.0065,0.72,0.0022,0.0009,0.0008,0.004,1.3,0.28,1.0,1.0,0.0022,0.0325,0.0026000000000000003,0.0234,0.0091,0.0033,5,0.0065,True,0.2978735747575628,0.18287866825287954,0.21818354971051954,5.352001785611754,9.567850521829104,0.9537912904428748,5,6,0.0036540761444286383,,512,0.75,0.71072470186089,0.7855518102776686,0.125,0.125,0.0,0.75,0.0,True,0.5,1.0,1.0,0.5,32,0,32,0,64,64,0,0.12921786577899702,0.6491829877731914,0.396484375,952.5,True,True,2dcb3b38c3f221837fc78410fd7b7593610f95cbadcf7ff3a0e13790f04b3ff6,c6df1fddd7ac3b36e3456403956993950c484ddaf07c3c80d99b4073928b0748
l1a-gs-v2-002-48c4d2e317,48c4d2e31721b5eb184862751e07baca19ec2b81b42dfbb6c20b614ee9659949,2,extension,False,SCREENING_L1A_FIELD_TEST_PARTICLE_WALL_LOSS,0.5,0.00515,0.6,0.0018,0.0007,0.000575,0.0031000000000000003,1.025,0.14,0.5,0.5,0.0018,0.0206,0.0016480000000000002,0.017716,0.0028840000000000003,0.002385,4,0.00515,True,0.23633055710488796,0.0020451311002856955,0.15482988886940494,4.890300068242332,9.710547226683257,0.15548126713736754,4,5,0.005517986030914904,,512,0.658203125,0.6160768849569956,0.6979730953806861,0.080078125,0.26171875,0.0,0.658203125,0.0,True,0.625,1.0,0.75,0.2578125,16,25,0,0,134,134,0,0.2279170272176561,7.818791805449634,0.353515625,614.0,True,True,8ee48789281ab24a5e416ca75f0627ab9b4762230b5a64cc34ad2f71906fe2c3,b4b415b971731e9cf9621aa502a87640a66c192fee3fadfb198fbd0aae888b94
l1a-gs-v2-003-b98d8da7bf,b98d8da7bf54e83e8c9fe1d1750ff604a5d8e7d87c6d86e0675f8a13d0e61cef,3,extension,False,SCREENING_L1A_FIELD_TEST_PARTICLE_WALL_LOSS,0.0,0.0065,0.48,0.0022,0.0005,0.0008,0.0022,1.3,0.0,1.0,0.0,0.0022,0.0195,0.00156,0.0195,0.0,0.0022,3,0.0065,False,0.27765149990249494,0.17409470434276927,0.17409470434276927,6.6775878728582745,5.692369692195868,0.11921537910920166,3,4,0.004195563780468064,,512,0.78515625,0.7475262289010062,0.8185391677570372,0.0,0.21484375,0.0,0.78515625,0.0,True,1.0,0.75,0.59375,0.796875,0,0,0,0,110,110,0,0.2250617406139948,4.852562801814383,0.388671875,792.5,True,True,e7193869143a82144f84ca8ad6c6333cfd3e67d9385451c93c4ded2e508295ac,2bc2d5d52f32c883fe23727584651173d2a6c66290fe89a7de1686e0187752e0
l1a-gs-v2-004-72b1c5ba70,72b1c5ba70dda77968f225021cdd8eb66bfab17b1a901bfc6ec33fa54e3fbf88,4,extension,False,SCREENING_L1A_FIELD_TEST_PARTICLE_WALL_LOSS,1.0,0.0038,0.72,0.0014,0.0009,0.00035,0.004,0.75,0.28,0.0,1.0,0.0014,0.019000000000000003,0.0015200000000000003,0.013680000000000001,0.005320000000000001,0.0016099999999999997,5,0.0038000000000000004,True,0.24485934136581272,0.1119445234555539,0.148158432353184,4.147431481361502,15.473037977225376,0.08359442688465554,5,6,0.008713927067656722,,512,0.736328125,0.6965035085158032,0.7726328818651779,0.125,0.138671875,0.0,0.736328125,0.0,True,0.4453125,1.0,1.0,0.5,32,0,32,0,71,71,0,0.28888064981512274,2.308958870138155,0.439453125,480.5,True,True,08d372d05630929e576ff64c1c9b97e94d67c92be9b67d7258c076ee5ebb766f,38ee4869d13fc7e303239eaaa360503c4529f5c31aff341daa3fe83c41102a28
l1a-gs-v2-005-942c2d458e,942c2d458eb750877af39acae13e1ce9d51c59bed8d4b34f5175476fe9b2c7a5,5,primary,False,SCREENING_L1A_FIELD_TEST_PARTICLE_WALL_LOSS,0.0,0.00515,0.6,0.0018,0.0007,0.000575,0.0031000000000000003,1.025,0.14,0.5,0.5,0.0018,0.01545,0.0012360000000000001,0.013287,0.0021630000000000004,0.002385,3,0.00515,True,0.25136043329621177,0.1706416173679809,0.1706416173679809,4.420912827991588,9.781125169291853,0.11849119407199991,3,4,0.004992526883213129,,512,0.74609375,0.7066566039054261,0.7818655877309675,0.0703125,0.18359375,0.0,0.74609375,0.0,True,0.96875,0.75,0.765625,0.5,4,16,16,0,94,94,0,0.21295491610764544,1.4516052044178425,0.359375,665.0,True,True,fe674f8cb579de5b4e79c9c9dcba030e8c8d335c888eaab8e0ce8864ba6873b9,ba32ba5d016f82a125572263da12954978086ba858f5ce88744afc7a8d962baf
l1a-gs-v2-006-110b30a28a,110b30a28afe152249e2dc23cfc80e1c296e8c2a8635ed5eff847249447db848,6,extension,False,SCREENING_L1A_FIELD_TEST_PARTICLE_WALL_LOSS,1.0,0.00515,0.6,0.0018,0.0007,0.000575,0.0031000000000000003,1.025,0.14,0.5,0.5,0.0018,0.025750000000000002,0.00206,0.022145,0.0036050000000000006,0.002385,5,0.00515,True,0.24277317910055363,0.13783999531901692,0.16141582188042528,5.00068008478693,7.402012056218545,0.1926336815053266,5,6,0.005417313375284088,,512,0.623046875,0.5802995498210187,0.663961545997178,0.0625,0.314453125,0.0,0.623046875,0.0,True,0.296875,0.75,0.6953125,0.75,32,0,0,0,161,161,0,0.3037491423978549,9.67243111184451,0.33203125,479.0,True,True,7958758f2f3e4ebd1f47a35cba7bb7450ae2ff74bb58260a2b47aedf39f874c5,6ada1b9c9b7568d4be90aed896e4923fcc0fd54d388d057c688940c41c007000
l1a-gs-v2-007-9ea145255a,9ea145255a66390ca9795454ade96a97990c36a6a90658eab87a1df16eaab158,7,extension,False,SCREENING_L1A_FIELD_TEST_PARTICLE_WALL_LOSS,0.5,0.0038,0.6,0.0018,0.0007,0.000575,0.0031000000000000003,1.025,0.14,0.5,0.5,0.0018,0.0152,0.001216,0.013072,0.002128,0.002385,4,0.0038,True,0.18613680587812445,0.0020223719798412305,0.09864817066885909,4.885832112026167,9.60090560093401,0.09178858344789945,4,5,0.008025522625997159,,512,0.6484375,0.6061145993456434,0.6885495797366259,0.109375,0.2421875,0.0,0.6484375,0.0,True,0.5078125,1.0,0.8203125,0.265625,33,23,0,0,124,124,0,0.30474891019590145,9.904453291159369,0.35546875,407.0,True,True,0c7a2cff29a30fefae3b491dda6042021e55d18fa4281d0bb34d503e6276596c,1d24d7ce1d0a633d4949808b7f76f0ea0c3b0fd6ec736c91b9f80e84e575bcb5
l1a-gs-v2-008-b45d1d67d2,b45d1d67d2690790a100a0b2ff214c0320158a6ccdec188be819f22f1980a5e1,8,extension,False,SCREENING_L1A_FIELD_TEST_PARTICLE_WALL_LOSS,0.5,0.0065,0.6,0.0018,0.0007,0.000575,0.0031000000000000003,1.025,0.14,0.5,0.5,0.0018,0.026,0.00208,0.022359999999999998,0.00364,0.002385,4,0.0065,True,0.2640529117523301,0.0012148645749150522,0.20167499169317957,6.177169818300053,5.673412785787063,0.22453395090189496,4,5,0.004006445995268615,,512,0.69140625,0.6500941921096665,0.7298675124964175,0.052734375,0.255859375,0.0,0.69140625,0.0,True,0.75,1.0,0.75,0.265625,0,27,0,0,131,131,0,0.202293948541806,7.551996639357449,0.353515625,784.0,True,True,6c265e9cf62a674f26bfbc4f3a3a7b97dc8029c8960774813151b709f4c5008a,a4f9676e03fae46679d5dd159f177795465391f41e7240bff8b2b8dfb7e8d3d4
l1a-gs-v2-009-4d592518ca,4d592518ca28332d669b5d162a270eb1868ac3ec8458dab76be7b00fd48e8602,9,extension,False,SCREENING_L1A_FIELD_TEST_PARTICLE_WALL_LOSS,0.5,0.00515,0.48,0.0018,0.0007,0.000575,0.0031000000000000003,1.025,0.14,0.5,0.5,0.0018,0.0206,0.0016480000000000002,0.017716,0.0028840000000000003,0.002385,4,0.00515,True,0.20928809950152485,0.00155756038826069,0.1315265278487747,5.068949843139245,7.710714859303363,0.11424693230472523,4,5,0.0054049341020697165,,512,0.6640625,0.6220634071881622,0.7036180539027669,0.07421875,0.26171875,0.0,0.6640625,0.0,True,0.625,1.0,0.75,0.28125,16,22,0,0,134,134,0,0.2723494730399234,10.475554407038162,0.33203125,528.5,True,True,90d02dee605b5fc69a793cb78e8b8951b668e13f667a2a72beea37c705ce06ab,8a41af9061f906c9b2a0878e1857016d18a225b39ca5af503735de8c6167d13c
l1a-gs-v2-010-7aa8cd8bce,7aa8cd8bcefc0b630bb4cf586b4baf6a719b6f64744de5d7e050fe7f3927017f,10,extension,False,SCREENING_L1A_FIELD_TEST_PARTICLE_WALL_LOSS,0.5,0.00515,0.72,0.0018,0.0007,0.000575,0.0031000000000000003,1.025,0.14,0.5,0.5,0.0018,0.0206,0.0016480000000000002,0.017716,0.0028840000000000003,0.002385,4,0.00515,True,0.2561972397145085,0.002131667446513011,0.17312427617217835,4.745255871848349,12.010000383714335,0.19501472654230287,4,5,0.005640381951478237,,512,0.65625,0.6140829109051337,0.6960899091814655,0.087890625,0.255859375,0.0,0.65625,0.0,True,0.6171875,1.0,0.75,0.2578125,17,28,0,0,131,131,0,0.2095909863224817,8.345568615365607,0.357421875,678.0,True,True,954061b8dcf45c96c541d372f7deb177fafb385674066850f00f730094037eee,1b55603bfa175c006bed711333ac1493f120860456df715ac2dfb0ed4930042e
l1a-gs-v2-011-eabda2c05f,eabda2c05f68bc1a29fe7045a41bad29d22d9607b400484e76f9d7b2bc6a0eaa,11,extension,False,SCREENING_L1A_FIELD_TEST_PARTICLE_WALL_LOSS,0.5,0.00515,0.6,0.0014,0.0007,0.000575,0.0031000000000000003,1.025,0.14,0.5,0.5,0.0014,0.0206,0.0016480000000000002,0.017716,0.0028840000000000003,0.0018549999999999999,4,0.00515,True,0.2744011601651344,0.0026964982962200366,0.20178999368823108,5.017554006597489,9.512687038626362,0.1449172738745553,4,5,0.00589742561372042,,512,0.697265625,0.6561215071994437,0.7354716781598878,0.04296875,0.259765625,0.0,0.697265625,0.0,True,0.734375,1.0,0.75,0.3046875,2,20,0,0,133,133,0,0.24716415778314316,10.974274300100959,0.3515625,630.5,True,True,ffe261d52c8045114ca956891013056d8b1e50ea83ea482bac6d0c67248b270e,f206a078933a2972879f9320e09e7dbb3f658ea39d895d3227f1bc7b9cf2bba5
l1a-gs-v2-012-861e265ea9,861e265ea9163b1612e3ee11ddebe544d19419ef7c37cee73105b0139f600ed9,12,extension,False,SCREENING_L1A_FIELD_TEST_PARTICLE_WALL_LOSS,0.5,0.00515,0.6,0.0022,0.0007,0.000575,0.0031000000000000003,1.025,0.14,0.5,0.5,0.0022,0.0206,0.0016480000000000002,0.017716,0.0028840000000000003,0.002915,4,0.00515,True,0.20855399100681463,0.0015575486532241505,0.11984631019388238,4.87494016523614,9.624996326299977,0.17540423735934405,4,5,0.005132151340162075,,512,0.65234375,0.6100972441805625,0.6923212554038716,0.08984375,0.2578125,0.0,0.65234375,0.0,True,0.6015625,1.0,0.7578125,0.25,20,26,0,0,132,132,0,0.22024067711902057,11.346758630158886,0.337890625,594.0,True,True,15dee36dfe24320393186a068f0e75dadec12d27b1f176368a328b2c1b07139d,4e1dc590275a77ff174feb3d00bb560fa66ed62ebfe1c90770de765537e9c2d1
l1a-gs-v2-013-1a5f2faf5b,1a5f2faf5beb8af4a3399539983a0c2ecd9661f5afdd812bdc57be7050d60605,13,extension,False,SCREENING_L1A_FIELD_TEST_PARTICLE_WALL_LOSS,0.5,0.00515,0.6,0.0018,0.0005,0.000575,0.0031000000000000003,1.025,0.14,0.5,0.5,0.0018,0.0206,0.0016480000000000002,0.017716,0.0028840000000000003,0.002385,4,0.00515,True,0.2631276889758241,0.0022781248571186906,0.1715680930626848,4.92656103482198,9.645711206710223,0.15348178084570643,4,5,0.005548991583959508,,512,0.6640625,0.6220634071881622,0.7036180539027669,0.080078125,0.255859375,0.0,0.6640625,0.0,True,0.6484375,1.0,0.75,0.2578125,13,28,0,0,131,131,0,0.21009424404615276,8.962975363246452,0.330078125,681.5,True,True,0ebb63c88f5f77aed50ea05c4acd25c5c5910e99e35508883be4ccc1e9c7ce12,a7799756912aa79bf30e8b2f57909f4a1156d7f98bcc41fdd410fb0336a540b9
l1a-gs-v2-014-454d5ec089,454d5ec089af4b4e8195f60fa83f4b8ef9a684fc4617236961b8fa14085402b3,14,extension,False,SCREENING_L1A_FIELD_TEST_PARTICLE_WALL_LOSS,0.5,0.00515,0.6,0.0018,0.0009,0.000575,0.0031000000000000003,1.025,0.14,0.5,0.5,0.0018,0.0206,0.0016480000000000002,0.017716,0.0028840000000000003,0.0023849999999999995,4,0.00515,True,0.21515829408866857,0.0018590100963415358,0.1415173093857209,4.869492522196394,9.775412541885355,0.16742792464043182,4,5,0.005497568246795823,,512,0.658203125,0.6160768849569956,0.6979730953806861,0.072265625,0.26953125,0.0,0.658203125,0.0,True,0.625,1.0,0.75,0.2578125,16,21,0,0,138,138,0,0.24229740093999566,8.217999736859896,0.3359375,561.0,True,True,ecfcd91b324eb168120669a347c8a58a6be49afcd16be9ef77ad372c33fa6ac7,26cad0541fa0e946f52d791800d35edd96f9cba50e2d337f4193247d13994cd9
l1a-gs-v2-015-691452be4d,691452be4d9b392cbebda2dea7dbf21883075a9538dd2b31dcf8277af01907ad,15,extension,False,SCREENING_L1A_FIELD_TEST_PARTICLE_WALL_LOSS,0.5,0.00515,0.6,0.0018,0.0007,0.00035,0.0031000000000000003,1.025,0.14,0.5,0.5,0.0018,0.0206,0.0016480000000000002,0.017716,0.0028840000000000003,0.002385,4,0.00515,True,0.26636857096605343,0.002305918618211087,0.17356781496452428,4.93311462060061,9.628886777269997,0.15122995971271752,4,5,0.005553887909883909,,512,0.666015625,0.6240604586756913,0.7054981626663204,0.078125,0.255859375,0.0,0.666015625,0.0,True,0.65625,1.0,0.75,0.2578125,12,28,0,0,131,131,0,0.2109618601081521,8.641207020740493,0.353515625,692.5,True,True,7bc540048e03235c1e14cf623f98d79a5bb75ff3adc6affe1eb4cd400e00a002,8563c99d5fda759cc2e21c212b55152bb4dd7808457db37a2f1f4d8232df051a
l1a-gs-v2-016-9e4e222280,9e4e222280498b41cc14f81121a72304d98dcfb682e4c5a815ee9a2f8a93c505,16,extension,False,SCREENING_L1A_FIELD_TEST_PARTICLE_WALL_LOSS,0.5,0.00515,0.6,0.0018,0.0007,0.0008,0.0031000000000000003,1.025,0.14,0.5,0.5,0.0018,0.0206,0.0016480000000000002,0.017716,0.0028840000000000003,0.002385,4,0.00515,True,0.21292352921568689,0.0018390735092468418,0.14012755383628617,4.8677784377726,9.821938878438367,0.16973407306806965,4,5,0.00549494491082399,,512,0.658203125,0.6160768849569956,0.6979730953806861,0.07421875,0.267578125,0.0,0.658203125,0.0,True,0.6171875,1.0,0.75,0.265625,17,21,0,0,137,137,0,0.24850354811796968,8.422663093976041,0.3359375,558.0,True,True,96ae7c7f77f134d33d489ab61589faf5be7a4b18b833d24ddb49e77ac1d95743,bdd26eb0a4f86e6ea209e2cfb1434d3401c5983675fb6df6071adf95c98167be
l1a-gs-v2-017-55712611a0,55712611a0a189c3bd0ae4f6b51daaeb4f9cdb5eadf59629c2ec85423ee5f382,17,extension,False,SCREENING_L1A_FIELD_TEST_PARTICLE_WALL_LOSS,0.5,0.00515,0.6,0.0018,0.0007,0.000575,0.0022,1.025,0.14,0.5,0.5,0.0018,0.0206,0.0016480000000000002,0.017716,0.0028840000000000003,0.002385,4,0.00515,True,0.1756681926710046,0.001526886481385543,0.11447973398829167,4.908065444593814,5.995129646309335,0.0981607059949377,4,5,0.005558574260701542,,512,0.6875,0.6460801256647815,0.7261272584391376,0.052734375,0.259765625,0.0,0.6875,0.0,True,0.7109375,1.0,0.75,0.2890625,6,21,0,0,133,133,0,0.30403916190335367,15.311614621429202,0.318359375,464.0,True,True,4ba207f25a45258f05147ca42d8a5c4a35fe5016bec4a06753bf83565eefbe82,e6e76d8116331e2fd026177ea6d27a4b2f222c3af47f7a875c48a9fae42563c6
l1a-gs-v2-018-99a8ddb38f,99a8ddb38f6b204142b49b4248bba01877db71c1f56f8e2c49b702a94e1400e7,18,extension,False,SCREENING_L1A_FIELD_TEST_PARTICLE_WALL_LOSS,0.5,0.00515,0.6,0.0018,0.0007,0.000575,0.004,1.025,0.14,0.5,0.5,0.0018,0.0206,0.0016480000000000002,0.017716,0.0028840000000000003,0.002385,4,0.00515,True,0.2748849885901428,0.0023605780131832686,0.1805227631276541,4.952103647607648,12.979121411316639,0.2060682604602839,4,5,0.005499407421373245,,512,0.654296875,0.612089698324885,0.6942059615106316,0.0859375,0.259765625,0.0,0.654296875,0.0,True,0.609375,1.0,0.75,0.2578125,18,26,0,0,133,133,0,0.2017259935073435,9.053756701912397,0.361328125,709.5,True,True,0d1d4e995595d2b52983499803450d1ff8047b81bbf3186cf4d8b29cec9c539d,41bca7f4bb56dead65e716c4fd2ac4438a2bc9dde2e73a8b9c2c1ca4257ce90e
l1a-gs-v2-019-9166fdf853,9166fdf8533d850abfdef128d02d48c523da4bcb2dd1d86a1e20eec677b62e24,19,extension,False,SCREENING_L1A_FIELD_TEST_PARTICLE_WALL_LOSS,0.5,0.00515,0.6,0.0018,0.0007,0.000575,0.0031000000000000003,0.75,0.14,0.5,0.5,0.0018,0.0206,0.0016480000000000002,0.017716,0.0028840000000000003,0.002385,4,0.00515,True,0.17292479788162352,0.0014964373904529525,0.11329016258736943,4.890300068242331,7.1052784585487965,0.08324398597479514,4,5,0.005517986030914998,,512,0.666015625,0.6240604586756913,0.7054981626663204,0.072265625,0.26171875,0.0,0.666015625,0.0,True,0.625,1.0,0.75,0.2890625,16,21,0,0,134,134,0,0.3074494940043542,15.008814112339858,0.34375,451.0,True,True,f6027979ff3f5921e378ef95b2261d6a49dbc35c7c1b039382492aa669cbb4c8,be07ac611678f77917cd5907e782d0e719c7a436d075629bf981a8f849862d43
l1a-gs-v2-020-b517ae2748,b517ae27489366cdf22a9e5793c27035a84555b2715109b908282214d320bebb,20,extension,False,SCREENING_L1A_FIELD_TEST_PARTICLE_WALL_LOSS,0.5,0.00515,0.6,0.0018,0.0007,0.000575,0.0031000000000000003,1.3,0.14,0.5,0.5,0.0018,0.0206,0.0016480000000000002,0.017716,0.0028840000000000003,0.002385,4,0.00515,True,0.2997363163281446,0.0025938248101183645,0.1963696151514404,4.890300068242327,12.315815994818134,0.25010193119538493,4,5,0.00551798603091538,,512,0.658203125,0.6160768849569956,0.6979730953806861,0.08203125,0.259765625,0.0,0.658203125,0.0,True,0.625,1.0,0.75,0.2578125,16,26,0,0,133,133,0,0.1898111329870088,6.705038245401556,0.34765625,782.0,True,True,57369f45d6a5192cfd1146d0570a1370398fb7192bab17f629a7748c7c806e1d,422844cbe8c9c3c8a3f90ef9d78afc3b1dac5d58b41a850245d67629c47cd1c7
l1a-gs-v2-021-5e0b38a851,5e0b38a85189a6eb34d8bda4fdd886532833158fa6ac763eae2f0c59287cdecc,21,extension,False,SCREENING_L1A_FIELD_TEST_PARTICLE_WALL_LOSS,0.5,0.00515,0.6,0.0018,0.0007,0.000575,0.0031000000000000003,1.025,0.0,0.5,0.5,0.0018,0.0206,0.0016480000000000002,0.0206,0.0,0.0018,4,0.00515,False,0.32019684540288706,0.0027574384738754502,0.20616133342675816,5.040825336081254,9.380495780021052,0.14060004721735847,4,5,0.005647331964298755,,512,0.8515625,0.8181518841641696,0.8797369610306786,0.0234375,0.125,0.0,0.8515625,0.0,True,0.65625,0.75,1.0,1.0,12,0,0,0,64,64,0,0.16518392598446663,1.9556272027293,0.421875,864.5,True,True,6f28688a0c2600d3bb844697a5ac22ce5ecb4e0135d1645c992278150a46039b,f9b6a3d66bf52598c30c0ba0983b171b50a56be59f0a1cb1523d706b3b9ab303
l1a-gs-v2-022-4a12458d8a,4a12458d8abf3a17c77b1a9532d5a75998965a4fac6018d88ee071793c45f371,22,extension,False,SCREENING_L1A_FIELD_TEST_PARTICLE_WALL_LOSS,0.5,0.00515,0.6,0.0018,0.0007,0.000575,0.0031000000000000003,1.025,0.28,0.5,0.5,0.0018,0.0206,0.0016480000000000002,0.014832,0.0057680000000000006,0.002385,4,0.00515,True,0.23633055710488796,0.002045131100285671,0.15482988886940527,4.89030006824234,9.710547226683145,0.15548126713736743,4,5,0.005517986030914904,,512,0.76953125,0.7311266452959524,0.8039214693534311,0.0546875,0.17578125,0.0,0.775390625,0.005859375,True,0.8984375,0.75,0.5625,0.8671875,11,0,17,0,90,90,0,0.2258696499203774,4.537615782044426,0.392578125,634.0,True,True,1ab906ef046d0664110d950fecf307da151c76c6966f05e061fb4380b1ae1422,978bb0de6eac3cbd48522edaba07f300f8354d2b6d94bc8704513462e10ec240
l1a-gs-v2-023-09c1438b40,09c1438b401c9d5a007b2519aea08e88a35964f85650b73ccd0b9dec4c93842f,23,extension,False,SCREENING_L1A_FIELD_TEST_PARTICLE_WALL_LOSS,0.5,0.00515,0.6,0.0018,0.0007,0.000575,0.0031000000000000003,1.025,0.14,0.0,0.5,0.0018,0.0206,0.0016480000000000002,0.017716,0.0028840000000000003,0.00207,4,0.00515,True,0.2780360721525282,0.0024059761725983416,0.18076681385605042,4.955639116406315,9.572752682351524,0.1455198231246856,4,5,0.005572031751586626,,512,0.6796875,0.6380617858369023,0.7186369572626866,0.064453125,0.255859375,0.0,0.6796875,0.0,True,0.7109375,1.0,0.75,0.2578125,5,28,0,0,131,131,0,0.20535454529209926,8.72987746090682,0.369140625,712.0,True,True,75f87b9ec7a287480c0526344b80dc9f1758383a29ae28b97dac671cb74fc401,dcff82e7455b4d4eb8a43c824f8046364b57e3ef4ef27d08d2a187c846857237
l1a-gs-v2-024-8ebc8e6892,8ebc8e68928df28e1ee13ac4416f4a5ef37d00ccd61226b4291e0597df7cc809,24,extension,False,SCREENING_L1A_FIELD_TEST_PARTICLE_WALL_LOSS,0.5,0.00515,0.6,0.0018,0.0007,0.000575,0.0031000000000000003,1.025,0.14,1.0,0.5,0.0018,0.0206,0.0016480000000000002,0.017716,0.0028840000000000003,0.0027,4,0.00515,True,0.20054063198667488,0.0017297487095311527,0.1322040702532583,4.865238225172035,9.708032836071922,0.16739623076437543,4,5,0.005487205841587918,,512,0.654296875,0.612089698324885,0.6942059615106316,0.080078125,0.265625,0.0,0.654296875,0.0,True,0.6015625,1.0,0.75,0.265625,19,22,0,0,136,136,0,0.2682727731815986,9.955136359862493,0.3515625,530.0,True,True,a9927cce18724fd8b724b99be03e728acc7c2d3e2f310d942750b991e5ac246d,8a3a176a4e901527d51057965813a6aa6d60b9b326281fc64c8eaa212fb39e42
l1a-gs-v2-025-7bfbfbb365,7bfbfbb36534b5e4e14a38d4e06695275ea091fa05bf65179afde7db540b68a5,25,extension,False,SCREENING_L1A_FIELD_TEST_PARTICLE_WALL_LOSS,0.5,0.00515,0.6,0.0018,0.0007,0.000575,0.0031000000000000003,1.025,0.14,0.5,0.0,0.0018,0.0206,0.0016480000000000002,0.017716,0.0028840000000000003,0.002385,4,0.00515,True,0.23633055710488796,0.002045131100285712,0.15482988886940502,4.89030006824233,9.71054722668302,0.15548126713736743,4,5,0.005517986030914904,,512,0.658203125,0.6160768849569956,0.6979730953806861,0.080078125,0.26171875,0.0,0.658203125,0.0,True,0.625,1.0,0.75,0.2578125,16,25,0,0,134,134,0,0.2279170272176561,7.818791805449634,0.353515625,614.0,True,True,e60b959722a82e1648e69946dedd9988ef9f5d49e4d50fb370e35c465fa8492b,239132375b5f584485f27976e3ecc1c5e6a08bee1ad5a943ea25e175b4491a39
l1a-gs-v2-026-c5d09bfafa,c5d09bfafa00fe0b500a4a31bb6132de6aad19810d04d3b066434d154c4ff4f5,26,extension,False,SCREENING_L1A_FIELD_TEST_PARTICLE_WALL_LOSS,0.5,0.00515,0.6,0.0018,0.0007,0.000575,0.0031000000000000003,1.025,0.14,0.5,1.0,0.0018,0.0206,0.0016480000000000002,0.017716,0.0028840000000000003,0.002385,4,0.00515,True,0.23633055710488796,0.0020451311002856864,0.15482988886940507,4.890300068242333,9.71054722668314,0.1554812671373675,4,5,0.005517986030914904,,512,0.658203125,0.6160768849569956,0.6979730953806861,0.080078125,0.26171875,0.0,0.658203125,0.0,True,0.625,1.0,0.75,0.2578125,16,25,0,0,134,134,0,0.2279170272176561,7.818791805449634,0.353515625,614.0,True,True,8434d0dc271f1eba9170063f12c54b03a29e08d57439228566695120f86e3480,a7160ee2bb36ef17579fecbd1c1208c0dfdd16206c64ade1c25b2b78ec669ab5
l1a-gs-v2-027-56d238c396,56d238c39688916a0ea793b281da9d66bd0198e25710714ec6bcacfccba6a395,27,extension,False,SCREENING_L1A_FIELD_TEST_PARTICLE_WALL_LOSS,0.3480479886844079,0.005245920139970707,0.5440487139023628,0.001632293135292661,0.0007102360034058842,0.0005309692626124818,0.0031754249051314225,1.2011239760897798,0.10066679282038331,0.03378713475969786,0.021138777216725746,0.001632293135292661,0.02098368055988283,0.0016786944447906263,0.018871320736352,0.0021123598235308293,0.0018964397834318719,4,0.005245920139970707,True,0.3610946053287228,0.02763296725804896,0.22775277478374645,8.242067261792394,11.509244669226028,0.1819523985412958,4,5,0.005396893809209435,,512,0.8125,0.776410178392972,0.8439354617802264,0.0625,0.125,0.0,0.8125,0.0,True,0.75,1.0,1.0,0.5,0,16,16,0,64,64,0,0.1592491723292234,1.3150719333401186,0.419921875,865.0,True,True,5b069d133b7df8538e31eee3224cdfff70c8ad0fd6fd50ab8aca0719c73b04a3,85f5e01417b25f9f1a71693d136fdd6642ac4f61f18ff0845601ffcae2e46517
l1a-gs-v2-028-8c0a501d9c,8c0a501d9c5615c75e76971eee2f2fcb1005d80f1e791078546931700cbfe32b,28,primary,False,SCREENING_L1A_FIELD_TEST_PARTICLE_WALL_LOSS,0.0980479886844079,0.005645920139970707,0.5920487139023628,0.0017465788495783755,0.0007465996397695207,0.0005655846472278665,0.0032813072580725987,1.2300713445108327,0.11284070586386162,0.06826989338038736,0.05339684173285475,0.0017465788495783755,0.016937760419912122,0.0013550208335929698,0.015026491578376261,0.001911268841535861,0.002050299240159536,3,0.005645920139970707,True,0.37386544872433525,0.2681730621834722,0.2681730621834722,5.705853513733128,4.065008590679183,0.19838967218588519,3,4,0.004573960470030054,,512,0.75,0.71072470186089,0.7855518102776686,0.125,0.125,0.0,0.75,0.0,True,1.0,0.75,0.75,0.5,0,0,64,0,64,64,0,0.15978681635792844,1.032990550793052,0.439453125,997.0,True,True,69d85f6beda6fe86cea883dd1b74ca5de0a47dc878eea05a2a25b94e8170c664,b0cbdc31e323a9bc0dd726491d50958f9a51dad983ee56640af6e2632f167d54
l1a-gs-v2-029-3940e2552f,3940e2552f6380c21513f336c3be7ca9259cb44c754431dfc3c510e0d5665601,29,primary,False,SCREENING_L1A_FIELD_TEST_PARTICLE_WALL_LOSS,0.5980479886844079,0.0038459201399707074,0.6400487139023628,0.0018608645638640896,0.000782963276133157,0.0006002000318432511,0.0033871896110137757,1.2605422586382566,0.12501461890733986,0.10275265200107708,0.08565490624898375,0.0018608645638640896,0.01538368055988283,0.0012306944447906265,0.013460495597296824,0.0019231849625860047,0.0022069173175768547,4,0.0038459201399707074,True,0.26199310392187,0.011994965784334902,0.14362363562468095,8.135530992981076,17.118729756800736,0.17273982821589337,4,5,0.007847198285985941,,512,0.669921875,0.6280568977143601,0.7092560441298164,0.12890625,0.201171875,0.0,0.669921875,0.0,True,0.5,1.0,0.921875,0.2578125,33,33,0,0,103,103,0,0.22567116329048337,8.054862551144154,0.390625,600.5,True,True,eb4cb3ceff3eecf75ca6e99b348443904e7f5294d14af869d8bffcf229a17b07,a501593f70cca5659de7fb666441b00c99ed9b8be17fe93df55359242e26cd07
l1a-gs-v2-030-5f0cd58497,5f0cd584971a5b89e29526a82f01f515cae67393578f88bf999b1603e3373d3a,30,extension,False,SCREENING_L1A_FIELD_TEST_PARTICLE_WALL_LOSS,0.973047988684408,0.004745920139970708,0.6976487139023628,0.001975150278149804,0.0008193269124967934,0.0006348154164586358,0.003493071963954952,1.289489627059309,0.13718853195081812,0.1372354106217668,0.11791297076511276,0.001975150278149804,0.02372960069985354,0.0018983680559882831,0.020474171616061528,0.0032554290837920135,0.0023662940156838294,5,0.004745920139970708,True,0.3620624459858915,0.1567383486631373,0.20033351996002852,4.99881460747626,10.4793899246434,0.3867315612186133,5,6,0.005709926445396387,,512,0.5625,0.5192225235093373,0.6048466045253025,0.0625,0.375,0.0,0.5625,0.0,True,0.2578125,0.6796875,0.5625,0.75,32,0,0,0,192,192,0,0.20989103798569553,3.6854825835294274,0.306640625,839.5,True,True,e474c20c980a20231277bd8e1eb3b03d54136af3a57ee62ed3fc2d2e4f2297eb,b1d657adef82ac22ff76c2b0303a0fd2801760883c6055c7a540212be43bbd65
l1a-gs-v2-031-3e7a3b3509,3e7a3b3509f6fbe54757888bea6c04fc9f246696c1486b13041eba01473b7a08,31,extension,False,SCREENING_L1A_FIELD_TEST_PARTICLE_WALL_LOSS,0.4730479886844079,0.005945920139970707,0.5056487139023628,0.0021057625230477633,0.0008556905488604297,0.0006694308010740204,0.0035989543168961284,0.7684369954803617,0.14936244499429638,0.1717181692424563,0.15017103528124176,0.0021057625230477633,0.02378368055988283,0.0019026944447906263,0.020231291880495415,0.0035523886793874153,0.0025481860913659257,4,0.005945920139970707,True,0.18268059874624942,0.011344510849656592,0.11540734562573646,10.172967980301234,6.4398284012719555,0.11358132344776606,4,5,0.004203115186438212,,512,0.693359375,0.6521024640647736,0.7317364007923929,0.017578125,0.2890625,0.0,0.693359375,0.0,True,0.6875,1.0,0.75,0.3359375,8,1,0,0,148,148,0,0.25991275434258276,13.793086532255018,0.328125,528.5,True,True,94ed28cf971c0d150b06ec06786f98fb582899ea00e431787decef1ecc934957,f64e9cbbf50b792507073fb235df50bc47b459c98df1117b85c79a4f2218ba62
l1a-gs-v2-032-570ad83ba6,570ad83ba6c9ca1811458142f7034c40c0247823441c427586031efb3a7ad73e,32,primary,True,SCREENING_L1A_FIELD_TEST_PARTICLE_WALL_LOSS,0.2230479886844079,0.004145920139970708,0.5536487139023628,0.0014200482373334775,0.000895359970348033,0.000704046185689405,0.003704836669837305,0.7973843639014143,0.16153635803777464,0.20620092786314603,0.18242909979737076,0.0014200482373334775,0.012437760419912123,0.00099502083359297,0.010428609899533137,0.0020091505203789868,0.0017355408153855046,3,0.004145920139970708,True,0.18476572664282065,0.12158169078952817,0.12158169078952817,22.233371790641478,16.34851413127765,0.051029720423126694,3,4,0.006947178333909824,0.0030557172033868177,512,0.73828125,0.6985321963804407,0.7744813542516229,0.12109375,0.140625,0.0,0.73828125,0.0,True,0.765625,0.7109375,1.0,0.4765625,30,32,0,0,72,72,0,0.3239974275114645,4.260498354488948,0.431640625,372.5,True,True,9b17de8fe075ffddce10f016a4f4d378f82d4407e77aa60a2d2b406c3fa52036,59310e457a90d1633402a2b1c1400aa0fd6c10f6e5acd313e85bc308e3928629
l1a-gs-v2-033-1f293d6cb7,1f293d6cb7d95040ce9c9f365c2a261335ef44dc9b08873962465c14d43794ef,33,extension,False,SCREENING_L1A_FIELD_TEST_PARTICLE_WALL_LOSS,0.7230479886844079,0.0050459201399707075,0.6016487139023629,0.0015343339516191916,0.0005317236067116695,0.0007386615703047896,0.003810719022778481,0.826331732322467,0.17423957164836068,0.24068368648383576,0.21468716431349977,0.0015343339516191916,0.025229600699853548,0.002018368055988284,0.020833605881051886,0.004395994818801663,0.0018937352474826265,5,0.005045920139970709,True,0.28335350182650876,0.1586725007613884,0.18397427672170893,7.9832510287929335,9.211211584507561,0.14161141800425828,5,6,0.005613867461311802,,512,0.720703125,0.6803077278941309,0.7578113804781904,0.0625,0.216796875,0.0,0.720703125,0.0,True,0.3828125,0.75,0.75,1.0,32,0,0,0,111,111,0,0.2627670683061914,4.816031256151007,0.392578125,632.0,True,True,4cc60991e2f74b7a3fc919769f518697da32edc437d1f3e8d401ee0419aa4316,9d413ed06b5b73629492c94076c030798be6d5480e6ea42bcd163e6f330a1feb
l1a-gs-v2-034-13a1a432e0,13a1a432e0ce4aa3e00927cfac8468a4dbf2f2eee550dfd124793e0a51cb8336,34,extension,False,SCREENING_L1A_FIELD_TEST_PARTICLE_WALL_LOSS,0.910547988684408,0.006245920139970707,0.6496487139023628,0.0016486196659049061,0.0005680872430753059,0.0007732769549201742,0.003916601375719658,0.8552791007435196,0.18641348469183894,0.27516644510452526,0.24694522882962877,0.0016486196659049061,0.031229600699853526,0.002498368055988282,0.02540798200785914,0.005821618691994388,0.002054688300269404,5,0.0062459201399707055,True,0.29969426213186934,0.20795449420412723,0.23108392849003423,10.217124038033578,8.335090769865156,0.25572842183528055,5,6,0.004268492933918855,,512,0.74609375,0.7066566039054261,0.7818655877309675,0.0625,0.19140625,0.0,0.74609375,0.0,True,0.484375,0.75,0.75,1.0,32,0,0,0,98,98,0,0.1860010557471322,1.9799132815242033,0.408203125,784.5,True,True,00e1ecb957b2fbebedbe19d81f7935b17f9c7c640f5413f4d22ed8986d468b6e,51294958ff2c443fd33531f52abd775433877e7e5103da0ad00bb143349f0ac6
l1a-gs-v2-035-6ca4a7f3c2,6ca4a7f3c25c58c63f4d9c22ac765255508ecb320c0aca101463487d0d902a83,35,extension,False,SCREENING_L1A_FIELD_TEST_PARTICLE_WALL_LOSS,0.4105479886844079,0.004445920139970708,0.6611687139023628,0.0017629053801906202,0.0006044508794389421,0.0003578923395355588,0.0022224837286608343,0.8842264691645723,0.1985873977353172,0.309649203725215,0.2792032933457578,0.0017629053801906202,0.01778368055988283,0.0014226944447906264,0.014252065715339551,0.00353161484454328,0.002218399973745836,4,0.004445920139970708,True,0.19353077996614207,0.0023247003006370047,0.11076699000278818,14.648936847694587,3.3505667002324255,0.060217672247338164,4,5,0.0068051612897969006,,512,0.767578125,0.7290817018650534,0.8020892525332476,0.02734375,0.205078125,0.0,0.767578125,0.0,True,0.734375,1.0,0.59375,0.7421875,14,0,0,0,105,105,0,0.30335529680981943,2.910070013872483,0.431640625,469.0,True,True,9c327245ca813f5cbeb6482f742b348f3de508fc5a46a3b48bdfa1f97fd85fdb,ba42ceacccd155ec761cdc9d82fd66dad507c36939831486dcdfb101170505e7
l1a-gs-v2-036-b84b580964,b84b5809644abc5a20bd1bebff3fab3d441fa376facd63e47372a7cf8599afb5,36,extension,False,SCREENING_L1A_FIELD_TEST_PARTICLE_WALL_LOSS,0.1605479886844079,0.005345920139970707,0.7091687139023628,0.0018771910944763346,0.0006408145158025786,0.00039517044604443454,0.002328366081602011,0.9131738375856249,0.21076131077879548,0.3441319623459047,0.3114613578618868,0.0018771910944763346,0.016037760419912124,0.00128302083359297,0.01265762101185516,0.003380139408056965,0.002384870267911924,3,0.005345920139970707,True,0.23775032397497417,0.1512391923397677,0.1512391923397677,9.024499338457321,3.149260877983053,0.07817766853753498,3,4,0.004945080497797996,,512,0.7109375,0.6702148838921917,0.7485184232247171,0.0625,0.2265625,0.0,0.7109375,0.0,True,1.0,0.5625,1.0,0.28125,0,32,0,0,116,116,0,0.26244335768799976,9.077271706990489,0.345703125,682.0,True,True,7e6c244334e5d1eb5c250337f762c2b9a716a3c207746439ff10fb9adc182136,040df73208b140567aa2397a9ea550d0db943aef8ca26677e73979d89487f698
l1a-gs-v2-037-4de0233d45,4de0233d4576a02b16524fc342632f2307e7c541b2c76f76562515799c36926a,37,extension,False,SCREENING_L1A_FIELD_TEST_PARTICLE_WALL_LOSS,0.6605479886844079,0.005479253473304041,0.5171687139023629,0.001991476808762049,0.0006771781521662149,0.00042978583065981916,0.0024342484345431874,0.9421212060066775,0.2229352238222737,0.3786147209665942,0.343719422378016,0.001991476808762049,0.021917013893216163,0.0017533611114572932,0.017030939495416134,0.004886074397800028,0.0025540991827676662,4,0.005479253473304041,True,0.19876949374746763,0.013581115210474377,0.11241198501213974,8.277080583591728,3.9320595217574,0.08577538569403187,4,5,0.00477956100435591,,512,0.78515625,0.7475262289010062,0.8185391677570372,0.0,0.21484375,0.0,0.78515625,0.0,True,0.8671875,1.0,0.5234375,0.75,0,0,0,0,110,110,0,0.30287984313823296,3.9736935084370457,0.40625,520.5,True,True,c390666e423ec30a08633c4aa69e73bde57588eac6b0f08929a7035e3bb185f3,c049e1dbedb1f9e7e50c7f9a973743da6cb0b61955476cf8424aa79561d1cb3a
l1a-gs-v2-038-474b968ed6,474b968ed6f4fb2e93bcf0c37cae4d636997c3602ff0d1b513881e6bc22f1d67,38,extension,False,SCREENING_L1A_FIELD_TEST_PARTICLE_WALL_LOSS,0.035547988684407894,0.006379253473304041,0.5651687139023628,0.002122089053660008,0.0007135417885298513,0.0004644012152752038,0.002540130787484364,0.9710685744277301,0.23510913686575197,0.41309747958728393,0.375977486894145,0.002122089053660008,0.019137760419912123,0.00153102083359297,0.014638298086043031,0.0044994623338690904,0.0027472227855433588,3,0.006379253473304041,True,0.20839989693378802,0.14396403787646309,0.14396403787646309,4.896334001074231,4.1164452633465665,0.11192032297803524,3,4,0.003735008528862678,,512,0.697265625,0.6561215071994437,0.7354716781598878,0.01171875,0.291015625,0.0,0.6953125,0.001953125,True,1.0,0.4921875,1.0,0.296875,0,6,0,0,150,149,0,0.2566589252143934,6.7071476592393795,0.337890625,654.0,True,True,7b65fbbc488a72523bd53571ec6be878b746104126757dfdd7e01aae8d5232ea,163ddc4976b609012cf0c8fb1611ad1f79a5b2da6021061eda992a437a851f1b
l1a-gs-v2-039-df1626ab7e,df1626ab7e2f1e29cbdaf4823104701ff9496d34ebc51d30c4937e276f2379cb,39,extension,False,SCREENING_L1A_FIELD_TEST_PARTICLE_WALL_LOSS,0.5355479886844079,0.004579253473304041,0.6131687139023628,0.0014363747679457222,0.0007499054248934876,0.0004990165998905884,0.00264601314042554,1.0000159428487827,0.24728304990923022,0.4487692988500664,0.408235551410274,0.0014363747679457222,0.018317013893216164,0.0014653611114572931,0.013787526832471928,0.0045294870607442365,0.0018774412972615054,4,0.004579253473304041,True,0.22665290792851783,0.022031190839954425,0.15269549821870387,6.9308781049540285,7.5600524372699205,0.09494875301928651,4,5,0.006906717907088411,,512,0.77734375,0.7393174041291233,0.8112393515245901,0.021484375,0.201171875,0.0,0.78125,0.00390625,True,0.8046875,1.0,0.3203125,0.984375,8,0,3,0,102,103,0,0.26603402519348457,10.64225028341487,0.3515625,473.0,True,True,e85a244a1854f4a6bffcb753e6c8a7df5c09961a9be3d456140323ffa69c3989,a1b9b7db26cf87b941c9b59810b2ea1796295e6dd2743cac04c825242462518a
l1a-gs-v2-040-827cdb9c2a,827cdb9c2ac919fb062a39f418a0cedfa9aa76d556fe136bed4a3551987ea10e,40,primary,False,SCREENING_L1A_FIELD_TEST_PARTICLE_WALL_LOSS,0.2855479886844079,0.005779253473304041,0.6707687139023628,0.0015506604822314366,0.000786269061257124,0.000533631984505973,0.002751895493366717,1.0289633112698353,0.25945696295270854,0.48325205747075606,0.44049361592640324,0.0015506604822314366,0.017337760419912123,0.00138702083359297,0.012839357756960046,0.004498402662952076,0.0020455355085330796,3,0.005779253473304041,True,0.28345116055493763,0.21099986098159934,0.21099986098159934,9.113958602144972,12.0093558666318,0.13274797104775,3,4,0.004543452990932521,,512,0.74609375,0.7066566039054261,0.7818655877309675,0.0,0.25390625,0.0,0.74609375,0.0,True,1.0,0.4296875,1.0,0.5546875,0,0,0,0,130,130,0,0.24292325289752642,5.713297580426602,0.33984375,813.5,True,True,974d5f537113cb0a4900fea7b7ba78b7a02ff0d9d845a152190782e8f9bd71bd,b7975bb8343bed64e7eae9bcd48da23c3fe8622e3a4a3639e3e385d1e6f14f53
l1a-gs-v2-041-b62c5d7163,b62c5d7163459220d5a3497ddbf0149153346ffe11bf52492538675bbc5c5cbc,41,extension,False,SCREENING_L1A_FIELD_TEST_PARTICLE_WALL_LOSS,0.7855479886844079,0.00397925347330404,0.7187687139023629,0.0016649461965171507,0.0008226326976207604,0.0005682473691213576,0.002857777846307893,1.0579106796908881,0.2716308759961868,0.5177348160914457,0.47379226316885886,0.0016649461965171507,0.019896267366520202,0.0015917013893216162,0.014491826832697976,0.005404440533822227,0.0022163883404943087,5,0.00397925347330404,True,0.22501488745682718,0.08789460008705918,0.11982059427023245,3.494988781486344,17.13936020356593,0.15140848558474987,5,6,0.007458892922706184,,512,0.724609375,0.6843511409609954,0.761522287913491,0.125,0.150390625,0.0,0.724609375,0.0,True,0.3984375,1.0,1.0,0.5,32,0,32,0,77,77,0,0.3048934826276601,2.9791966533575933,0.40625,509.5,True,True,90de307cd390fed2445f29cd07823f315d28ef1d20a91299a9c83695a5299bb6,a8535eddd81f5dc9add8089759c48a3a8938a7861b72bef0db384faccbacc50b
l1a-gs-v2-042-ae9a80d120,ae9a80d1204f066a5fd38d7819d0413fc4b4f12744a565259708cc11fc786e2f,42,extension,False,SCREENING_L1A_FIELD_TEST_PARTICLE_WALL_LOSS,0.832422988684408,0.004879253473304041,0.5267687139023628,0.001779231910802865,0.0008589963339843967,0.0006028627537367422,0.00296366019924907,1.0868580481119405,0.0038047890396649647,0.5522175747121354,0.5060503276849879,0.001779231910802865,0.024396267366520206,0.0019517013893216165,0.024396267366520206,0.0,0.001779231910802865,5,0.004879253473304041,False,0.2843151279369168,0.14921458770662827,0.17106785846157957,4.461355803098482,11.123992711191354,0.14831976370770417,5,6,0.00578062317895819,,512,0.67578125,0.6340574484782849,0.7148869741191392,0.00390625,0.3203125,0.0,0.67578125,0.0,True,0.3515625,0.6015625,0.75,1.0,2,0,0,0,164,164,0,0.24043476065297897,6.638457106064541,0.333984375,590.5,True,True,210a64a7bdf2b2b895a23dd01e4fa4b3c6c82a7794950662af7e4136b5788fe5,63c0c64cae919efe2bea826db8e002e3b88962478b1dac5c3b275b6ba140ab8b
l1a-gs-v2-043-b585cd28ea,b585cd28ea90caa0e5b91640e68345e42081518d79eb8270da50efbf231fb9ab,43,extension,False,SCREENING_L1A_FIELD_TEST_PARTICLE_WALL_LOSS,0.3324229886844079,0.0060792534733040415,0.5747687139023628,0.0018935176250885794,0.0008986657554719999,0.0006374781383521269,0.003069542552190246,1.1158054165329934,0.01597870208314328,0.586700333332825,0.5383083922011169,0.0018935176250885794,0.018237760419912125,0.00145902083359297,0.017946344679498606,0.00029141574041351793,0.002566369866485733,3,0.0060792534733040415,True,0.2654863750380336,0.18054079579617383,0.18054079579617383,5.4018173819714725,7.551009380135563,0.18454614705070102,3,4,0.00381401166615451,,512,0.841796875,0.8076567590928229,0.8708462848466129,0.013671875,0.14453125,0.0,0.841796875,0.0,True,1.0,0.75,0.671875,0.9453125,0,0,7,0,74,74,0,0.2016472774169476,2.6675064116116847,0.412109375,771.0,True,True,2a6a9f537c5f17352d76c9796286d6f208cc5e555c01820032442514e8718851,25258b7d116836be6017f43620f0a61b4ba27a055440be75d4e5602beeb07f39
l1a-gs-v2-044-2f03fc2fb5,2f03fc2fb543c4e420312c339f606d8607dc08353e380c2627a3ebca94aa7c61,44,primary,False,SCREENING_L1A_FIELD_TEST_PARTICLE_WALL_LOSS,0.0824229886844079,0.004279253473304041,0.6227687139023629,0.0020078033393742937,0.0005350293918356364,0.0006720935229675114,0.0031816532788338445,1.144752784954046,0.028152615126621535,0.6211830919535147,0.5705664567172459,0.0020078033393742937,0.012837760419912123,0.0010270208335929698,0.012476343891722561,0.00036141652818956125,0.0027454985605159282,3,0.004279253473304041,True,0.25806949348895747,0.12778002670146413,0.12778002670146413,3.9352273960035427,17.692947617028377,0.12567264811977255,3,4,0.005776087444033832,,512,0.62109375,0.5783188624340109,0.6620650731331034,0.21484375,0.1640625,0.0,0.62109375,0.0,True,0.625,0.75,0.59375,0.515625,48,34,28,0,84,84,0,0.2336570044739335,2.47550395354854,0.3671875,709.0,True,True,47a792aa209b261f25d4b240ea7d735c401d44b572ca122664ae540807ddb9da,25b687347859f47f24c60b9bdde42cc1d782641b7e891313c83c5c19629b8ecb
l1a-gs-v2-045-d52f4d6a1a,d52f4d6a1a85bf9bdf14abf0d240b149c1c1fa0f50a7454cfb165d8e4980e147,45,extension,False,SCREENING_L1A_FIELD_TEST_PARTICLE_WALL_LOSS,0.5824229886844079,0.005179253473304041,0.6803687139023628,0.0021384155842722533,0.0005713930281992727,0.0007067089075828961,0.0032875356317750215,1.1737001533750986,0.04032652817009979,0.6556658505742043,0.6028245212333749,0.0021384155842722533,0.020717013893216164,0.001657361111457293,0.019881568648851034,0.0008354452443651303,0.002949908047443141,4,0.005179253473304041,True,0.26046551724547207,0.007219728600586791,0.15390565987185936,6.169306344171699,15.093960602758344,0.29050410911781416,4,5,0.005094990482510898,,512,0.75,0.71072470186089,0.7855518102776686,0.1875,0.0625,0.0,0.75,0.0,True,0.5,1.0,1.0,0.5,32,32,32,0,32,32,0,0.1616154355431238,0.6912231823080891,0.388671875,791.0,True,True,b63e30f3655b281ecd2ead91f80725381fd777950605e4f5567ad56747b1731e,3e0f4fd0a50e285f0b95e8b050456188efb55b0186f86dd323a82214e1f5a5b6
l1a-gs-v2-046-1d0bed7f4c,1d0bed7f4c52503197b31162309f5204f9d5336d26d5aefb8edc6da6adba5ffd,46,extension,False,SCREENING_L1A_FIELD_TEST_PARTICLE_WALL_LOSS,0.957422988684408,0.005579253473304041,0.48836871390236286,0.0014527012985579672,0.000607756664562909,0.0007413242921982807,0.0033934179847161976,1.2026475217961512,0.05250044121357804,0.690148609194894,0.635082585749504,0.0014527012985579672,0.027896267366520205,0.0022317013893216166,0.026431701021565956,0.0014645663449542495,0.0020215094166130512,5,0.005579253473304041,True,0.29298383971367986,0.19550346410658478,0.21820062793003764,5.3944452241823395,9.381137701628559,0.2389567829078964,5,6,0.005053519580048083,,512,0.478515625,0.4355672416399762,0.5217839955981164,0.1015625,0.419921875,0.0,0.478515625,0.0,True,0.296875,0.3671875,0.75,0.5,20,18,14,0,215,215,0,0.3467449481884383,7.799710021053714,0.263671875,394.0,True,True,e6d8a7d675a9d82252d21c8240e5aae0c4dcbb212010e0ef088b365dff454028,740c697eda70f712002a74f7390660efdf04644c50c4570b3c8bbc8731d94aff
l1a-gs-v2-047-e3196a8aa5,e3196a8aa552b35cb00047e63ff919cd8a027427e85b5b27994db9530a08f360,47,extension,False,SCREENING_L1A_FIELD_TEST_PARTICLE_WALL_LOSS,0.4574229886844079,0.006479253473304041,0.5363687139023628,0.0015669870128436816,0.0006441203009265455,0.0007759396768136653,0.003499300337657374,1.2315948902172038,0.0646743542570563,0.7246313678155836,0.667340650265633,0.0015669870128436816,0.025917013893216163,0.002073361111457293,0.02424084775540125,0.001676166137814912,0.002199455844633394,4,0.006479253473304041,True,0.33555949923302153,0.003389190729009642,0.2500501552295325,6.4100792619563745,10.107429896570382,0.321141275573999,4,5,0.004015729057902179,,512,0.8125,0.776410178392972,0.8439354617802264,0.0625,0.125,0.0,0.8125,0.0,True,0.75,1.0,1.0,0.5,0,0,32,0,64,64,0,0.13243369402197303,1.0980736947174614,0.40625,991.0,True,True,d8593c0bcae1ec331cff24d040257ff518b6c9c5c44b00c0269f49cd4cec9357,0bcdc3c7823e16712aecb8116c08e97c6b00c320e9709d2ccc2dd5742d7b8b58
l1a-gs-v2-048-9e4abaf530,9e4abaf530d2cf7ef1091d508745597244b48c096b544b96bebda15da53c24b9,48,primary,False,SCREENING_L1A_FIELD_TEST_PARTICLE_WALL_LOSS,0.2074229886844079,0.004679253473304041,0.5843687139023628,0.0016812727271293957,0.0006804839372901818,0.00036055506142904987,0.0036051826905985507,1.2620658043446276,0.07684826730053461,0.7591141264362733,0.699598714781762,0.0016812727271293957,0.014037760419912124,0.00112302083359297,0.012958982854861852,0.001078777565050272,0.0023801608933433915,3,0.004679253473304041,True,0.361049906194632,0.22708493048687994,0.22708493048687994,3.9361976095714635,16.44110032872258,0.16913822534664122,3,4,0.005627721986002188,,512,0.708984375,0.6681989605831526,0.7466571862826736,0.166015625,0.125,0.0,0.708984375,0.0,True,0.8359375,0.75,0.75,0.5,21,23,41,0,64,64,0,0.17739105335035762,0.8873578290667242,0.38671875,858.5,True,True,6450d53bbae27f9e92d5458623a2597bc5b7492dea1c36139217d1e00055110a,5e53189de1444c3123c9f56829b589c227760d63f53bff5d536f485894345704
l1a-gs-v2-049-cf0a7d1028,cf0a7d102801356eda0209715e49a4ff0520cdf87f8737dfaff491a2becd3214,49,primary,False,SCREENING_L1A_FIELD_TEST_PARTICLE_WALL_LOSS,0.7074229886844079,0.005879253473304041,0.6323687139023628,0.0017955584414151102,0.0007168475736538182,0.00039783316793792566,0.003711065043539727,1.2910131727656804,0.08902218034401281,0.793596885056963,0.7318567792978912,0.0017955584414151102,0.029396267366520207,0.0023517013893216165,0.026779347551577026,0.0026169198149431803,0.0025636245627430453,5,0.005879253473304041,True,0.3772269679211108,0.24512318109607903,0.27888235782659976,5.698463704861393,11.135011362019158,0.5060091889630622,5,6,0.004555965940642189,,512,0.375,0.3341426983074157,0.417719045623305,0.07421875,0.55078125,0.0,0.375,0.0,True,0.2578125,0.5390625,0.4453125,0.2578125,32,6,0,0,282,282,0,0.2485371105546722,6.940458621195344,0.189453125,631.5,True,True,57e453c5ed6deb27c093071a91d5c7d31111b067fb1f7e0c6ac05d653b42ff11,39d8118ca99b905538736bd7e13b0e1b721c0118701d8edab90c1709fa6faa0c
l1a-gs-v2-050-012aa2a74e,012aa2a74e86dbc612de4439e2327d22a148f2d1d1a31d26c5541ba22e1e8cda,50,extension,False,SCREENING_L1A_FIELD_TEST_PARTICLE_WALL_LOSS,0.894922988684408,0.0040792534733040415,0.6899687139023628,0.0019098441557008244,0.0007532112100174545,0.0004324485525533103,0.0038169473964809035,0.7699605411867328,0.10119609338749112,0.8280796436776525,0.7641148438140202,0.0019098441557008244,0.020396267366520206,0.0016317013893216166,0.01833224478934159,0.0020640225771786165,0.0027498468528323527,5,0.0040792534733040415,True,0.18803592148210788,0.058189818739710644,0.08842426517462111,3.9609577615084213,12.62991390260115,0.11557885498780439,5,6,0.00656644398383706,,512,0.4296875,0.38748873972239056,0.47293349123863987,0.05859375,0.51171875,0.0,0.4296875,0.0,True,0.2734375,0.5625,0.40625,0.4765625,28,2,0,0,262,262,0,0.41983084350855754,25.225749648832863,0.19140625,338.0,True,True,4a74157b607d186dd1fae04bc8b18b34729cbc7d2af23b313d3c8e5a61917a38,9353ec5e0efc663bbd5535405df1111a7c6d8024edd31af02c1aea4ed3e45d38
l1a-gs-v2-051-d243e11351,d243e1135156de88bfbc5c15b20179913fb1faf89d7c5d101c576968934e24a0,51,extension,False,SCREENING_L1A_FIELD_TEST_PARTICLE_WALL_LOSS,0.3949229886844079,0.00497925347330404,0.4979687139023628,0.002024129869986539,0.0007895748463810909,0.00046706393716869484,0.00392282974942208,0.7989079096077856,0.11337000643096931,0.8625624022983422,0.7963729083301492,0.002024129869986539,0.01991701389321616,0.001593361111457293,0.01765902190005654,0.0022579919931596214,0.0029388277636113167,4,0.00497925347330404,True,0.16234560176099436,0.006637604832617076,0.08951148657829695,6.335037392200456,8.243102942358552,0.09941988354851815,4,5,0.005210971403454499,,512,0.70703125,0.6661839068195801,0.7447950797951639,0.125,0.16796875,0.0,0.70703125,0.0,True,0.5,1.0,0.984375,0.34375,32,32,0,0,86,86,0,0.3053853091977651,5.666776653495201,0.388671875,462.5,True,True,d2a714e6688b35723f6ad7ff2a31506ddc0e02e241749270dbc3b996da8e05bc,f31956deb13b755f906c50fa41782fa98ae65d86e6054ba7de6a0d440daf4c80
l1a-gs-v2-052-e117399e75,e117399e757bf183c139bdd80bf2c90cf0039c3d36c5ee1d280ea51e3e2c30d8,52,extension,False,SCREENING_L1A_FIELD_TEST_PARTICLE_WALL_LOSS,0.1449229886844079,0.006179253473304041,0.5459687139023628,0.002154742114884498,0.0008259384827447272,0.0005016793217840795,0.0022287121023632566,0.8278552780288382,0.12554391947444762,0.897045160919032,0.8286309728462782,0.002154742114884498,0.018537760419912123,0.0014830208335929699,0.016210457318518074,0.00232730310139405,0.003154468777632125,3,0.006179253473304041,True,0.12107417278393018,0.08300685076724863,0.08300685076724863,7.171220139601296,4.259931621952098,0.06503430663197288,3,4,0.0037050243197968725,,512,0.744140625,0.7046240394693286,0.7800209919159826,0.0859375,0.169921875,0.0,0.744140625,0.0,True,0.984375,0.7421875,0.75,0.5,2,4,38,0,87,87,0,0.3559043205037602,3.4133433365771055,0.439453125,367.5,True,True,0537fc7c259cbd8eb6cf17bb2fd7863100ddc1f1eaf2a38964c455424b6f9383,65532c7d410f07c31c242c7ada9c6f0a046ba0533ffa33876c3fcd221ad6267f
l1a-gs-v2-053-e22999f79a,e22999f79ab7e5913ca89974d620def2897081672e544adcff0bcefebab48505,53,extension,False,SCREENING_L1A_FIELD_TEST_PARTICLE_WALL_LOSS,0.6449229886844079,0.004379253473304041,0.5939687139023628,0.0014690278291702122,0.0008623021191083637,0.0005362947063994641,0.0023345944553044328,0.8568026464498908,0.13771783251792588,0.9315279195397215,0.8608890373624072,0.0014690278291702122,0.017517013893216166,0.0014013611114572933,0.01510460870765604,0.002412405185560125,0.0021683361566542524,4,0.004379253473304041,True,0.12637909198849323,0.009607085016987534,0.08215291155421875,5.1542327973474915,9.187673209153573,0.05718385011625035,4,5,0.0071541333706230436,,512,0.6640625,0.6220634071881622,0.7036180539027669,0.087890625,0.248046875,0.0,0.6640625,0.0,True,0.5625,1.0,0.7578125,0.3359375,26,19,0,0,127,127,0,0.3849520103641927,8.501949578765048,0.365234375,272.5,True,True,98cf95c0b7401c9b2536eec7ca54e420e15eab730f0d5f166bf22d12d4a35833,124cebfea00082e9f3d7717b1826654044198970ffe4c9fd6ff975b52c21c441
l1a-gs-v2-054-58f94d4676,58f94d4676b809f32c108bfaa7d85986c07778de2cfa66df09836b2be1d22bb5,54,primary,False,SCREENING_L1A_FIELD_TEST_PARTICLE_WALL_LOSS,0.019922988684407894,0.00527925347330404,0.6419687139023629,0.0015833135434559263,0.0005019715405959669,0.0005709100910148488,0.0024404768082456098,0.8857500148709434,0.14989174556140414,0.9660106781604113,0.8931471018785362,0.0015833135434559263,0.015837760419912122,0.0012670208335929698,0.013463810864788176,0.002373949555123945,0.002356134801423363,3,0.00527925347330404,True,0.20696487368530866,0.14413474668892862,0.14413474668892862,6.954094901487797,9.097227045961054,0.07116136712012835,3,4,0.005025705521800332,,512,0.77734375,0.7393174041291233,0.8112393515245901,0.0625,0.16015625,0.0,0.779296875,0.001953125,True,1.0,0.7421875,0.8671875,0.5,0,12,20,0,81,82,0,0.2794688571478151,2.9051206552122886,0.4375,506.0,True,True,9ed7f808b287ae446080003d1674f84db61e8e142020f133edb32df91af4a38d,ea4d462cb5e66499a7fc4dea4c49a1a63cc4918f5de3b6c1a6c146bdd5325daa
l1a-gs-v2-055-a7ac306811,a7ac306811791acb03d758b7cf4dc88c348811133f0e8e05f70579cb512bb749,55,extension,False,SCREENING_L1A_FIELD_TEST_PARTICLE_WALL_LOSS,0.5199229886844079,0.0056792534733040405,0.6995687139023627,0.0016975992577416407,0.0005383351769596034,0.0006055254756302333,0.002546359161186786,0.914697383291996,0.16206565860488245,0.0004934367811009199,0.9254051663946653,0.0016975992577416407,0.022717013893216162,0.001817361111457293,0.01903536607507582,0.003681647818140342,0.0019525323266725554,4,0.0056792534733040405,True,0.25235379560278914,0.01779392740787894,0.1848153870862956,8.09294702496333,8.201521015477645,0.11954602254864605,4,5,0.005186124238405706,,512,0.7578125,0.7188729901641424,0.7929121629787461,0.0,0.2421875,0.0,0.7578125,0.0,True,0.7578125,1.0,0.75,0.5234375,0,0,0,0,124,124,0,0.22799895855702992,5.817548705656933,0.388671875,707.5,True,True,769e5589f91f07388fc086dbfd44c452d02bb2e116763f48fcdafc6001988897,790b959b5b0f944acd58dc1d05169dd555d629ec1c0f54955397e33181950ade
l1a-gs-v2-056-87997ee6f2,87997ee6f2adee201a130d257d5974d71cf98390520607c05223422b77cf1e9d,56,primary,False,SCREENING_L1A_FIELD_TEST_PARTICLE_WALL_LOSS,0.2699229886844079,0.003879253473304041,0.5075687139023628,0.001811884972027355,0.0005746988133232397,0.000640140860245618,0.002652241514127962,0.9436447517130487,0.17476887221546844,0.034976195401790644,0.9576632309107944,0.001811884972027355,0.011637760419912123,0.0009310208335929699,0.009603842156210265,0.002033918263701858,0.002105848212820977,3,0.003879253473304041,True,0.19292346621429995,0.0977675038872448,0.0977675038872448,3.4239160422491133,13.981097935600861,0.03811562944467915,3,4,0.006943067044903173,,512,0.689453125,0.6480867473996945,0.7279977969553069,0.107421875,0.203125,0.0,0.689453125,0.0,True,0.828125,0.59375,1.0,0.3359375,22,33,0,0,104,104,0,0.3495098483971745,4.8690120458664685,0.40234375,466.5,True,True,d980fd9c25e923baa5e6515a69c169642a25351c3e7a68ca54abd35628e95bcf,fdc34a5010b638ec4adcc78a9067a6741721778a5df1d98757bb82feb3e1b512
l1a-gs-v2-057-68965a0576,68965a05763ccf038102a39316e3cc535dd8cdb84425ad62a0a172d680eac1ef,57,extension,False,SCREENING_L1A_FIELD_TEST_PARTICLE_WALL_LOSS,0.7699229886844079,0.004779253473304041,0.5555687139023628,0.0019261706863130691,0.0006110624496868761,0.0006747562448610027,0.0027581238670691386,0.9725921201341013,0.1869427852589467,0.06945895402248015,0.9899212954269234,0.0019261706863130691,0.023896267366520202,0.0019117013893216162,0.01942903258773044,0.0044672347787897615,0.0022619227196590532,5,0.004779253473304041,True,0.24393764525617026,0.10665439115257214,0.126075945944303,5.610850364316535,10.177122012340828,0.12046007963606768,5,6,0.005492284597711646,,512,0.73046875,0.6904231293083547,0.767081780319379,0.0625,0.20703125,0.0,0.732421875,0.001953125,True,0.328125,0.75,0.84375,1.0,32,0,0,0,105,106,0,0.25810153965565735,6.041732076653841,0.412109375,612.5,True,True,52cbacbda70e717205e64a26b014046f01c1feb52e22f7367f1c61497591f85f,7cc81fceda389792f4f8624b76e14bb68a5c77d8f3af2d0d9fd50ceab8e93a40
l1a-gs-v2-058-132b3d1a44,132b3d1a44c7853d6b7224f1c5a0cc25a0c0599943c003215f30f4b74399c486,58,extension,False,SCREENING_L1A_FIELD_TEST_PARTICLE_WALL_LOSS,0.863672988684408,0.00597925347330404,0.6035687139023629,0.0020404564005987837,0.0006474260860505124,0.0007093716294763871,0.002864006220010315,1.0015394885551538,0.19911669830242493,0.10394171264316987,0.022179359943052424,0.0020404564005987837,0.0298962673665202,0.002391701389321616,0.023943421316932167,0.0059528460495880346,0.0024207558471867853,5,0.00597925347330404,True,0.2549861506387743,0.15117170086593018,0.16892744502899065,7.016453227817607,5.738918955548875,0.22224628721282103,5,6,0.004285831330261738,,512,0.7890625,0.7516376331702338,0.8221820839899746,0.0625,0.1484375,0.0,0.7890625,0.0,True,0.40625,0.75,1.0,1.0,32,0,0,0,76,76,0,0.19470672933507444,2.335686159207436,0.39453125,762.0,True,True,c28341cc9c4924f00b7febad5b2ac1cab378c7bfdfd8c66a19bc0f963ffa5b6e,5643296d81be36f9469c353d5d6b98be032f90ab1f2924b4d96a6c2cf541bde0
l1a-gs-v2-059-06306f4e8d,06306f4e8d4630d8f715525445c36d7b0469dcc15c3e4f59aa0a859b6561613f,59,extension,False,SCREENING_L1A_FIELD_TEST_PARTICLE_WALL_LOSS,0.3636729886844079,0.004179253473304041,0.6515687139023628,0.0020591152927270633,0.0006837897224141488,0.0007439870140917718,0.0029698885729514918,1.0304868569762067,0.2112906113459032,0.1384244712638596,0.05443742445918143,0.0020591152927270633,0.016717013893216164,0.001337361111457293,0.013184865807840562,0.003532148085375601,0.0024677437676195978,4,0.004179253473304041,True,0.2183075013394626,0.008157261122754524,0.10475792926821283,11.31357788618179,12.456790735969127,0.12577356221017125,4,5,0.006513140075182068,,512,0.68359375,0.6420693344375218,0.7223837291642322,0.08203125,0.234375,0.0,0.68359375,0.0,True,0.515625,1.0,0.515625,0.703125,42,0,0,0,120,120,0,0.26495373133282146,3.3302657999041383,0.35546875,538.5,True,True,a4e6e739dc2ee5f5c12d95026c20bc39ea9a21de701317d68c793c839ff16690,cf56391f84f9c820315996011044f1a611f766ef9facbb9a0a7896c74441cd34
l1a-gs-v2-060-c3bf7e5c98,c3bf7e5c98ca3686f45dcd873f0405488d4345749bf49698eb33e582cc69df3d,60,primary,False,SCREENING_L1A_FIELD_TEST_PARTICLE_WALL_LOSS,0.1136729886844079,0.005079253473304041,0.6630887139023628,0.0021734010070127777,0.0007201533587777851,0.0007786023987071565,0.0030757709258926683,1.059434225397259,0.22346452438938147,0.1729072298845491,0.08669548897531065,0.0021734010070127777,0.015237760419912122,0.0012190208335929697,0.011832661534917119,0.003405098884995004,0.0026309400197074982,3,0.005079253473304041,True,0.2458478986832933,0.15023966700442704,0.15023966700442704,10.36075686436535,15.861037371461277,0.1529594018245942,3,4,0.004823396316556763,,512,0.638671875,0.5961710583145844,0.6791073195122724,0.095703125,0.265625,0.0,0.640625,0.001953125,True,0.7890625,0.515625,1.0,0.25,27,22,0,0,136,136,0,0.20434479748766737,37.14159567324658,0.326171875,688.5,True,True,ab5a68eda6c1723d43f23051b2bc1f323f9ad8ee3c96722ded5505c134352042,f611dc9512e8f97b831369d9616820e934fa569b96d600ebcdc1c85e28231df7
l1a-gs-v2-061-d8ebe65ef1,d8ebe65ef1359e17e24b0c0534bd7bb7be7d65cdfda45a6d295138d236e66700,61,extension,False,SCREENING_L1A_FIELD_TEST_PARTICLE_WALL_LOSS,0.6136729886844079,0.00627925347330404,0.7110887139023628,0.0014876867212984919,0.0007565169951414215,0.0003632177833225411,0.003187881652536267,1.088381593818312,0.23563843743285973,0.20738998850523882,0.11895355349143966,0.0014876867212984919,0.02511701389321616,0.002009361111457293,0.019198479986439275,0.005918533906776885,0.001818825695703587,4,0.00627925347330404,True,0.3615576060149428,0.003603764663931843,0.3045980752491343,14.696825076801023,2.5173914371882797,0.2634303783078113,4,5,0.004591591577555603,,512,0.80859375,0.7722684811774388,0.8403228384935945,0.0,0.19140625,0.0,0.80859375,0.0,True,1.0,1.0,0.484375,0.75,0,0,0,0,98,98,0,0.16085594193290315,6.815550026931424,0.380859375,1011.0,True,True,cd5e5cfd88f2c4eab4624d4b96cd56baf99fc1ee17fe08e54117c18ba32c94c5,833ac415f3dec7426f37dc923ccf74954f361510488826679a4df4afcb6adbfa
l1a-gs-v2-062-70a6b2f959,70a6b2f959c8ee850fd6e7b7c096f396ab771b25b4f3a8f2fe7b71a7aae650de,62,primary,False,SCREENING_L1A_FIELD_TEST_PARTICLE_WALL_LOSS,0.988672988684408,0.004479253473304041,0.5190887139023628,0.0016019724355842062,0.0007928806315050579,0.0004004958898314168,0.0032937640054774434,1.1173289622393645,0.24781235047633798,0.24187274712592854,0.15121161800756866,0.0016019724355842062,0.022396267366520214,0.0017917013893216172,0.016846195708526336,0.005550071657993878,0.0019778840167570056,5,0.0044792534733040425,True,0.31123750570989744,0.14663464627439354,0.17420371001570034,10.33862395476283,6.415603252566999,0.14661164218504646,5,6,0.006433330276530534,,512,0.736328125,0.6965035085158032,0.7726328818651779,0.1875,0.076171875,0.0,0.736328125,0.0,True,0.4453125,1.0,1.0,0.5,32,0,64,0,39,39,0,0.22376902474374094,2.091440283573,0.43359375,718.0,True,True,126deb301b6b78c41e782bb1b6fee71a122d4d8af7e6ee3f9c2f9953e72623f8,703a08c04bfefaead9b9bdbb014d0da8490fe51325b89ea8ad8f79d685a6aa59
l1a-gs-v2-063-eaf6bef4a4,eaf6bef4a4397cf053aa14860b94ee6353fc987ca599a2a58e9aec35407bea9d,63,extension,False,SCREENING_L1A_FIELD_TEST_PARTICLE_WALL_LOSS,0.4886729886844079,0.0053792534733040406,0.5670887139023628,0.0017162581498699203,0.0008292442678686943,0.0004351112744468014,0.0033996463584186195,1.1462763306604171,0.25998626351981624,0.27635550574661805,0.18346968252369766,0.0017162581498699203,0.021517013893216162,0.001721361111457293,0.01592288584901492,0.0055941280442012445,0.0021397009585000775,4,0.0053792534733040406,True,0.3216216370376239,0.003072339558835399,0.21423390346053126,12.588533051325053,5.060475125923857,0.20549226039929797,4,5,0.005203991971672483,,512,0.80078125,0.7640009571653381,0.8330817215013653,0.0,0.19921875,0.0,0.802734375,0.001953125,True,0.953125,0.7890625,0.4609375,1.0,0,0,0,0,100,102,0,0.17977174718468375,3.7664290922501955,0.392578125,836.5,True,True,9e8231e1768089b8c101e576a8718b4c91edb985356921b3512deec4a5b732ab,8d216311c899939e9e93f478b361546e4bbdd19556f8a8429fe6cce1fff72efd
l1a-gs-v2-064-9f6ecd1a94,9f6ecd1a948ae42bb1d8ad7eee08af33c578f5c3321e8ae375456f3796d68a97,64,primary,False,SCREENING_L1A_FIELD_TEST_PARTICLE_WALL_LOSS,0.2386729886844079,0.005512586806637374,0.6150887139023629,0.0018305438641556347,0.0008656079042323305,0.000469726659062186,0.003505528711359796,1.1752236990814697,0.2721601765632945,0.31083826436730777,0.21572774703982667,0.0018305438641556347,0.01653776041991212,0.0013230208335929697,0.012036840624067374,0.004500919795844746,0.0023042765209328065,3,0.005512586806637374,True,0.33224317251028135,0.23713848805216062,0.23713848805216062,17.43353429108188,9.315802607785123,0.20672231154604953,3,4,0.004607801673798803,,512,0.76953125,0.7311266452959524,0.8039214693534311,0.0,0.23046875,0.0,0.76953125,0.0,True,1.0,0.4375,1.0,0.640625,0,0,0,0,118,118,0,0.17805110942090083,13.055414224379785,0.322265625,935.0,True,True,9e633a5cd498fd9ca6a5e8fe2d8424173cac895802be62f367115f55ce7ae272,62d910f5e63b1c292ff9d51847740ead6642c57f8a2a5d546358276a54f28ceb
l1a-gs-v2-065-9e98f08f3b,9e98f08f3b8c2bd59c579daaf2568941738ab8b8aa0befdf1486a5e96e0f0bbc,65,primary,True,SCREENING_L1A_FIELD_TEST_PARTICLE_WALL_LOSS,0.7386729886844079,0.006412586806637374,0.6726887139023628,0.001944829578441349,0.0005052773257199339,0.0005043420436775706,0.0036114110643009727,1.2041710675025223,0.00433408960677272,0.3453210229879975,0.24798581155595567,0.001944829578441349,0.03206293403318687,0.0025650347226549497,0.03206293403318687,0.0,0.001944829578441349,5,0.006412586806637374,False,0.5636558145431647,0.3434147085556397,0.3718867476111333,10.444188375371441,10.881376281606535,0.4592938992228286,5,6,0.004167009764920098,0.0030251981251344664,512,0.697265625,0.6561215071994437,0.7354716781598878,0.001953125,0.30078125,0.0,0.697265625,0.0,True,0.3046875,0.734375,0.75,1.0,1,0,0,0,154,154,0,0.10941679216600692,14.094967061227242,0.318359375,1428.5,True,True,e5718b4a52bc8e8b5a42742aa4dcd1c748a34beb42d6b4a23e617e5c03ae8977,152015a2cce0b98668b53eed0e085c7048355e6b42e78a5784a90c9d73ab96f2
l1a-gs-v2-066-d58df2fb43,d58df2fb4305842263f0f433c26ca764466a25bb914a5d9fc11f10d5df6ea3f0,66,extension,False,SCREENING_L1A_FIELD_TEST_PARTICLE_WALL_LOSS,0.926172988684408,0.004612586806637374,0.48068871390236284,0.0020754418233393085,0.0005416409620835703,0.0005389574282929552,0.0037172934172421492,1.233118435923575,0.016508002650250975,0.379803781608687,0.2802438760720847,0.0020754418233393085,0.023062934033186877,0.0018450347226549502,0.022682211057044464,0.0003807229761424124,0.002662649325394789,5,0.004612586806637375,True,0.3027680590427374,0.11999532696068903,0.15079180675279175,7.015440751643098,12.448099183715,0.20796273602739573,5,6,0.005588095620635698,,512,0.51953125,0.47627055696449766,0.5625010455463273,0.115234375,0.365234375,0.0,0.51953125,0.0,True,0.296875,0.5078125,0.75,0.5234375,4,27,28,0,187,187,0,0.22020334483005483,37.08322511873195,0.275390625,692.0,True,True,fee79284bd165ced1a84f8643b676f044d16ae754a8cda6056777e00a7f1ccfc,104405717635780787b6f43cdab2d2bd5e591dda4cbd1addb90c4d31f9224f1c
l1a-gs-v2-067-dd5a30270f,dd5a30270fda16922a1d84d17ea3d1b7f1910d96dbf3325965d047a4115ddee4,67,primary,False,SCREENING_L1A_FIELD_TEST_PARTICLE_WALL_LOSS,0.4261729886844079,0.005812586806637375,0.5286887139023628,0.0021897275376250224,0.0005780045984472066,0.0005735728129083399,0.0038231757701833254,1.263589350050999,0.02868191569372929,0.4142865402293767,0.3125019405882137,0.0021897275376250224,0.0232503472265495,0.00186002777812396,0.022583482727547673,0.0006668644990018254,0.002835697794231458,4,0.005812586806637375,True,0.3254962222352469,0.00084943931652243,0.20298615728366265,17.124320728275,16.470887294356267,0.32693360425346873,4,5,0.004331485753109945,,512,0.83984375,0.8055628302469452,0.869063053441408,0.09765625,0.0625,0.0,0.83984375,0.0,True,0.625,1.0,1.0,0.734375,16,0,34,0,32,32,0,0.13870073524486298,0.8984129861931202,0.447265625,1098.5,True,True,24f27b3bbf471eec374f79c4b8f1acd2438538d6359b1bf3b4946df6e7e8f091,b509f6407fd35a8dcaa9c622ce810a82527b879ce1560b444f91eafb1c07390f
l1a-gs-v2-068-375d1b1b13,375d1b1b13de7c970bb16fac5b977f33906f37c48cb96227c12cdc5bf3a7a5ed,68,primary,True,SCREENING_L1A_FIELD_TEST_PARTICLE_WALL_LOSS,0.1761729886844079,0.004012586806637374,0.5766887139023629,0.0015040132519107369,0.000614368234810843,0.0006081881975237245,0.003929058123124502,1.2925367184720515,0.04085582873720754,0.4499583594921592,0.3447600051043427,0.0015040132519107369,0.012037760419912124,0.0009630208335929699,0.01154594774181666,0.0004918126780954653,0.0019664754071168247,3,0.004012586806637374,True,0.3938863685951611,0.20831014913177545,0.20831014913177545,5.956673047201341,39.16925918201846,0.13542428925008002,3,4,0.006806870802947352,0.006637682803854381,512,0.68359375,0.6420693344375218,0.7223837291642322,0.189453125,0.126953125,0.0,0.685546875,0.001953125,True,0.71875,0.75,0.7421875,0.5234375,36,30,31,0,65,65,0,0.19473271377728799,1.2168694184556879,0.419921875,857.0,True,True,ca9913c70d00754b6f5c7d1520eda374638d6e454747a4ea39e2069a1c59e75b,342a32e366b7b04c10e884948e3e8ee7e23dc85ea981367de505b398972f5e38
l1a-gs-v2-069-9ae4602904,9ae4602904f20347441d35b095597bc7503a942c3df7f1409f36ae6d8d7c10b5,69,extension,False,SCREENING_L1A_FIELD_TEST_PARTICLE_WALL_LOSS,0.6761729886844079,0.004912586806637374,0.6246887139023629,0.0016182989661964512,0.0006507318711744793,0.0006428035821391091,0.0022349404760656786,0.7714840868931041,0.0530297417806858,0.4844411181128488,0.3770180696204717,0.0016182989661964512,0.024562934033186885,0.0019650347226549507,0.023260367984030965,0.0013025660491559198,0.0021354335073446953,5,0.004912586806637377,True,0.15441662501574724,0.08519697408507514,0.09792403807084044,11.22125324382389,8.255081325506692,0.06373237988774572,5,6,0.0059137062994667,,512,0.45703125,0.4143617400217209,0.5003407344544644,0.099609375,0.443359375,0.0,0.458984375,0.001953125,True,0.3203125,0.375,0.671875,0.4609375,19,30,2,0,226,227,0,0.4053213915434575,11.27699702299207,0.23046875,245.0,True,True,1a36060c84c9e2b4465feb01f35bb5143f30991a63f6530095dd6891f34e7009,dc181a99359abf9ddbfb223bded60d05c11064250929243b107aa1c45d5091b2
l1a-gs-v2-070-5b284f066b,5b284f066b799b027bd57dfbfd9a499928ab75530fef17c025210a832d1b9a96,70,extension,False,SCREENING_L1A_FIELD_TEST_PARTICLE_WALL_LOSS,0.051172988684407894,0.006112586806637375,0.6822887139023628,0.0017325846804821655,0.0006870955075381158,0.0006774189667544937,0.0023408228290068556,0.8004314553141568,0.06520365482416411,0.5189238767335385,0.4092761341366007,0.0017325846804821655,0.018337760419912124,0.00146702083359297,0.017142071419243954,0.0011956890006681689,0.0023071502282622208,3,0.006112586806637375,True,0.16868156879543117,0.13022843028889838,0.13022843028889838,5.510408256811878,4.567759629516629,0.0732691246980437,3,4,0.004182638770879056,,512,0.771484375,0.7331726774291983,0.8057525974712677,0.103515625,0.125,0.0,0.771484375,0.0,True,0.9921875,0.75,0.75,0.59375,1,2,50,0,64,64,0,0.28727184267614714,2.387478162901156,0.423828125,492.5,True,True,23f3ff32fc789185fc47b3852846b9f2e483a41e563c83c68a626c8e51d310bc,7498ce625f605d8188645719296c0ccc03da9f0c5ee21704fa9d9e922006b6b9
l1a-gs-v2-071-f0c9ebbd40,f0c9ebbd40de2feb0234e1787fa2352d4f57918bec79bdd67331081c71ea4dbc,71,primary,False,SCREENING_L1A_FIELD_TEST_PARTICLE_WALL_LOSS,0.5511729886844079,0.004312586806637374,0.49028871390236284,0.0018468703947678799,0.0007234591439017521,0.0007120343513698783,0.0024467051819480317,0.8293788237352093,0.0773775678676423,0.5534066353542281,0.4415341986527299,0.0018468703947678799,0.017250347226549497,0.0013800277781239598,0.01591555731328677,0.0013347899132627287,0.0024816255698694016,4,0.004312586806637374,True,0.10615109932503747,0.0060830031943000405,0.05749980363363065,6.737262100701164,5.707482881158382,0.0456954703604861,4,5,0.006736032573861176,,512,0.748046875,0.7086901555300428,0.7837091963574333,0.134765625,0.1171875,0.0,0.748046875,0.0,True,0.5,1.0,1.0,0.4921875,33,33,3,0,60,60,0,0.4196291542053121,2.046530552532376,0.416015625,269.0,True,True,e47a5892a7eb8436ae015b9c07ec217e7ff2723b8b107905c5970a2aaaa14a34,2f598174c49ba45540e6f3e086b027623a20e0ff92323ea7a0de34cbc666f3f7
l1a-gs-v2-072-79cfa36e3a,79cfa36e3a0f9d4a80d10a77cb9ca64b8496aa10b17d296493e169f37f69b3de,72,extension,False,SCREENING_L1A_FIELD_TEST_PARTICLE_WALL_LOSS,0.3011729886844079,0.005212586806637374,0.5382887139023629,0.001961156109053594,0.0007598227802653884,0.000746649735985263,0.0025525875348892083,0.8583261921562619,0.08955148091112063,0.5878893939749178,0.4748328458951856,0.001961156109053594,0.015637760419912123,0.0012510208335929699,0.014237375816175684,0.0014003846037364382,0.0026588595321662364,3,0.005212586806637374,True,0.15329951467269345,0.09096975467420905,0.09096975467420905,4.536495874021781,6.839594232402546,0.0627380160934979,3,4,0.004598329998377471,,512,0.734375,0.6944757724650265,0.7707834576648723,0.140625,0.125,0.0,0.734375,0.0,True,0.921875,0.75,0.75,0.515625,10,14,48,0,64,64,0,0.3338672560976274,2.341578441492915,0.41015625,413.0,True,True,b2723a16058a15d9a4cd81cdf7e18ebe39066429b2af280fd5b371e2d4c19c53,6d7eaf37e050cf57d5f1943d5eb833883183a60868cc84ed012ce949a5fd2061
l1a-gs-v2-073-274491a725,274491a72502b0b713d694fc95c3586b5a116a0c7e300ffb30d1ea6bbc3a6fc8,73,extension,False,SCREENING_L1A_FIELD_TEST_PARTICLE_WALL_LOSS,0.8011729886844079,0.005612586806637374,0.5862887139023628,0.0020917683539515533,0.0007961864166290247,0.0007812651206006477,0.0026584698878303844,0.8872735605773145,0.10172539395459881,0.6223721525956074,0.5070909104113146,0.0020917683539515533,0.02806293403318686,0.002245034722654949,0.02520822101313901,0.002854713020047852,0.0028611840376573557,5,0.0056125868066373725,True,0.15055481944435697,0.08159591312113378,0.09621703227086505,5.328288068720777,4.533880479106346,0.1531443491568053,5,6,0.004527584887122802,,512,0.451171875,0.40859226482341326,0.4944787288995245,0.060546875,0.48828125,0.0,0.451171875,0.0,True,0.296875,0.578125,0.4296875,0.5,29,2,0,0,250,250,0,0.4289705201585784,9.954880832215249,0.224609375,313.5,True,True,9a588d7503589aa2a48f9dfda2bd56951892b140b92ab22f7da74806dc514f22,233b51e818ca1e24788a99365b9eadfa40ab99617554fb6f0f4c0252f31a6843
l1a-gs-v2-074-e2365d7a87,e2365d7a8798b7995e965b15ab221fa6dd16cdecb938a108a7bad25f54b15270,74,extension,False,SCREENING_L1A_FIELD_TEST_PARTICLE_WALL_LOSS,0.824610488684408,0.0038125868066373747,0.6342887139023627,0.0014060540682372675,0.0008325500529926611,0.0003658805052160321,0.002764352240771561,0.9162209289983673,0.11389930699807713,0.6568549112162971,0.5393489749274437,0.0014060540682372675,0.019062934033186874,0.00152503472265495,0.01689167905745683,0.002171254975730044,0.0019402129105279137,5,0.0038125868066373747,True,0.19797422386525423,0.09136696046139112,0.11785766836042738,4.088582073425648,12.256647972053011,0.08094919051095052,5,6,0.00855686279731375,,512,0.517578125,0.4743257644991892,0.5605686777605532,0.048828125,0.43359375,0.0,0.517578125,0.0,True,0.3203125,0.6328125,0.4921875,0.625,25,0,0,0,221,222,0,0.47306936048676657,7.841700635600951,0.27734375,277.5,True,True,7a91c8546633fad91f2babe68ed4465d7e60818c2154be95f676bfb44046e9c4,bd54f3ef5560d80bab7da60ad25733338a659a171f4820c68b046442b4471384
l1a-gs-v2-075-a6696084a4,a6696084a4606cbd36006e6550f324459c9339259367414427b70ed937b40f49,75,primary,False,SCREENING_L1A_FIELD_TEST_PARTICLE_WALL_LOSS,0.3246104886844079,0.0047125868066373745,0.6918887139023628,0.0015203397825229819,0.0008689136893562975,0.0004031586117249079,0.0028702345937127375,0.9451682974194199,0.12607322004155538,0.6913376698369867,0.5716070394435727,0.0015203397825229819,0.014137760419912123,0.00113102083359297,0.01235536743959775,0.0017823929803143736,0.0021162646068148975,3,0.0047125868066373745,True,0.25939065912908077,0.1681320797348696,0.1681320797348696,4.280634321966286,12.930062537677795,0.09213299890617657,3,4,0.005753383844646552,,512,0.71484375,0.6742493599011357,0.7522382677179382,0.099609375,0.185546875,0.0,0.71484375,0.0,True,0.859375,0.75,0.75,0.5,18,16,17,0,95,95,0,0.2426443906634123,2.066698365894114,0.384765625,608.5,True,True,73abb794649ccb35ce52df13f8c0ebade99f9c9b846ef4107d92b40a67028bc7,4fa7129aecd682f98908b627432afc9b94f82082bcb4aa54893189b3d8ad377f
l1a-gs-v2-076-900f037a8c,900f037a8c0c0953c665b0263d2d37a3ac66b16efa7e3b877df2b09bfb6c60d0,76,extension,False,SCREENING_L1A_FIELD_TEST_PARTICLE_WALL_LOSS,0.0746104886844079,0.005912586806637374,0.4998887139023628,0.001634625496808696,0.0005085831108439008,0.0004377739963402925,0.002976116946653914,0.9741156658404725,0.13824713308503364,0.7258204284576764,0.6038651039597017,0.001634625496808696,0.017737760419912124,0.00141902083359297,0.01528556589451009,0.0024521945254020335,0.0022950749237915357,3,0.005912586806637374,True,0.2692814338579969,0.18798713524289026,0.18798713524289026,5.324460955764012,4.807938379825892,0.09295339698959955,3,4,0.004538756249636532,,512,0.75,0.71072470186089,0.7855518102776686,0.0625,0.1875,0.0,0.75,0.0,True,1.0,0.75,0.75,0.5,0,0,32,0,96,96,0,0.22422488088310566,1.9729711143795965,0.408203125,645.0,True,True,2d29f7b65b37177a4fee1610d9eb30e55fcd1d9f77ae17dc5b671e07de9e2c10,a6291c04337702818fa772ef22313f25e61c93baed64f481aa5794bcbc8c27cf
l1a-gs-v2-077-44d74d05d4,44d74d05d472c7b399ab49a1ed9c33ab02d22f2b2ef621a0bfe0fe44eb65a68d,77,extension,False,SCREENING_L1A_FIELD_TEST_PARTICLE_WALL_LOSS,0.5746104886844079,0.004112586806637375,0.5478887139023628,0.0017489112110944103,0.0005449467472075372,0.00047238938095567714,0.0030819992995950903,1.0030630342615252,0.1504210461285119,0.7603031870783661,0.6361231684758308,0.0017489112110944103,0.0164503472265495,0.00131602777812396,0.01397586878755466,0.00247447843899484,0.0024766438614578297,4,0.004112586806637375,True,0.20939746345215968,0.016149352432112535,0.10843872560153732,6.626744222836461,13.544209487605546,0.09042215118591751,4,5,0.007211661096359445,,512,0.654296875,0.612089698324885,0.6942059615106316,0.0703125,0.275390625,0.0,0.65625,0.001953125,True,0.5078125,1.0,0.75,0.359375,32,4,0,0,140,141,0,0.3005967133353204,9.059715190051728,0.328125,478.0,True,True,97e70723fb9dea1b9eff7844ef6fedccd2adad15484b7b8011f8825e1e97238f,8b1bc90fbfdc5ddfbff986841760225ee954148e54b0b905b6fe707f452b8b5b
l1a-gs-v2-078-28bf64f2bb,28bf64f2bbf75acc9576763bd331428af902ca48a6e6f76d28681e5cf7debde2,78,extension,False,SCREENING_L1A_FIELD_TEST_PARTICLE_WALL_LOSS,0.949610488684408,0.0050125868066373735,0.5958887139023629,0.0018631969253801246,0.0005813103835711737,0.0005070047655710618,0.003194110026238689,1.0320104026825778,0.16259495917199016,0.7947859456990558,0.6683812329919598,0.0018631969253801246,0.02506293403318687,0.0020050347226549495,0.020987827297330567,0.0040751067358563015,0.0026609714198137786,5,0.0050125868066373735,True,0.2344560886861949,0.12871112902402226,0.1534023064300242,5.226733991042452,10.848567100017044,0.1993591919458079,5,6,0.005638270744052246,,512,0.64453125,0.6021349532568827,0.6847749053232215,0.0625,0.29296875,0.0,0.64453125,0.0,True,0.3125,0.75,0.75,0.765625,32,0,0,0,150,150,0,0.2440697551741109,7.036020330883337,0.3671875,538.0,True,True,4fe74f4405cabb980d7e1583c073c9d27c59abf5e1f66d8aa8bbec79c199d665,c9a8cf982fa38e427f7d2b52d8ddf5c7459e5849213a0146387de18aa7c556ab
l1a-gs-v2-079-62792322e0,62792322e0280966f253bbd76ef382ddea5e8ab9a84d1e59c8ea9e232b7087eb,79,extension,False,SCREENING_L1A_FIELD_TEST_PARTICLE_WALL_LOSS,0.4496104886844079,0.006212586806637374,0.6438887139023628,0.001977482639665839,0.0006176740199348099,0.0005416201501864464,0.0032999923791798653,1.0609577711036304,0.17529817278257617,0.8292687043197453,0.7006392975080888,0.001977482639665839,0.024850347226549496,0.0019880277781239596,0.02049412676472281,0.004356220461826686,0.0028480575988593824,4,0.006212586806637374,True,0.27691794079778553,0.01046654461739054,0.19171059514565664,11.563337118602258,8.666775700693584,0.2887880419058923,4,5,0.00405446509147033,,512,0.783203125,0.7454722916786112,0.8167159447283499,0.001953125,0.21484375,0.0,0.783203125,0.0,True,0.7421875,1.0,0.75,0.640625,1,0,0,0,110,110,0,0.19210676098636292,2.1966716603121865,0.390625,821.5,True,True,adbf8affdbf6532e9550b54ef870d60e629d682ddf6753772bca420140e649d1,8f469cc1004c9acbd4113524d359f6dc74ff5a18b02d02803e216eb395f3cebd
l1a-gs-v2-080-b666fbf97d,b666fbf97d551d589a262e3bdf6163e1dab8bf6d1e47fe6e67156d7ca01dc1d6,80,extension,False,SCREENING_L1A_FIELD_TEST_PARTICLE_WALL_LOSS,0.1996104886844079,0.0044125868066373745,0.7014887139023628,0.002108094884563798,0.0006540376562984463,0.000576235534801831,0.003405874732121042,1.089905139524683,0.18747208582605443,0.863751462940435,0.7328973620242178,0.002108094884563798,0.013237760419912124,0.00105902083359297,0.010756049862325612,0.002481710557586512,0.0030616136314440975,3,0.0044125868066373745,True,0.23043286209538422,0.12302762400831958,0.12302762400831958,5.6739165775278275,14.906730489629217,0.16458629247285755,3,4,0.005551109052179639,,512,0.595703125,0.5526342652845826,0.6373465870184594,0.173828125,0.23046875,0.0,0.595703125,0.0,True,0.5546875,0.546875,1.0,0.28125,57,32,0,0,118,118,0,0.23432009235925316,7.291467587288334,0.380859375,635.5,True,True,ea14ea62566bb2fe924d0bc3dcb76b85b7c1ca0de334735aab6d030f83d08290,60939e86072d62c82da01e8fdb09c1f49f56a08671cba4a21627e5f7b91f3d7f
l1a-gs-v2-081-601159d2a0,601159d2a0d1a9e2d787ed0ba663890c25bcff896c8297e469b7a02a7eb50a2f,81,extension,False,SCREENING_L1A_FIELD_TEST_PARTICLE_WALL_LOSS,0.6996104886844079,0.005312586806637374,0.5094887139023628,0.0014223805988495123,0.0006904012926620827,0.0006108509194172156,0.0035117570850622185,1.1188525079457357,0.1996459988695327,0.8982342215611248,0.7651554265403469,0.0014223805988495123,0.026562934033186873,0.00212503472265495,0.021259750535225774,0.005303183497961098,0.0020829085141668723,5,0.005312586806637374,True,0.27412797879565054,0.17717157405648307,0.2017111721557638,5.793035061473616,11.1752175903607,0.21216312429086195,5,6,0.0054009951336641045,,512,0.80078125,0.7640009571653381,0.8330817215013653,0.0625,0.13671875,0.0,0.80078125,0.0,True,0.4609375,0.75,0.9921875,1.0,32,0,0,0,70,70,0,0.22332706039577538,2.1800021861710324,0.412109375,637.0,True,True,49657ad97c5740551769953c80f30a32ff9e23e53eaa0968be003c23e8310918,0b2ff51ab9dfe3f2b8ae9891cca6378d0d654f790ad1d17dbc93d335d988aa87
l1a-gs-v2-082-ec510a5bdb,ec510a5bdb842266954df67d09c186fad6061caa97bda4075acb10616f5b869a,82,primary,False,SCREENING_L1A_FIELD_TEST_PARTICLE_WALL_LOSS,0.887110488684408,0.005712586806637374,0.5574887139023628,0.0015366663131352266,0.0007267649290257191,0.0006454663040326002,0.0036176394380033946,1.1477998763667885,0.21181991191301094,0.9327169801818143,0.7974134910564759,0.0015366663131352266,0.028562934033186868,0.0022850347226549494,0.022512735862300084,0.0060501981708867844,0.0022688124272026242,5,0.005712586806637374,True,0.30925481328477533,0.19302742675749499,0.21888016840102523,8.013065318505806,12.480762687058883,0.3101783059228539,5,6,0.00470426444843368,,512,0.810546875,0.7743386557769042,0.8421298241452116,0.0625,0.126953125,0.0,0.810546875,0.0,True,0.4921875,0.75,1.0,1.0,32,0,0,0,65,65,0,0.18686232100473849,1.9890237112639804,0.419921875,814.5,True,True,26d5b62217294427a3871a0b21790a123d78acdfa264fe9164cd8497b835c283,e99466745e37db51959f0a5611da8f10237dbd2797df1af87a0456603e441f35
l1a-gs-v2-083-4c9976a050,4c9976a0501d382ae2652c7724d073c7dcae7550ea57a66edec677806e0e0001,83,primary,False,SCREENING_L1A_FIELD_TEST_PARTICLE_WALL_LOSS,0.3871104886844079,0.003912586806637374,0.6054887139023628,0.001650952027420941,0.0007631285653893554,0.0006800816886479849,0.003723521790944571,1.1767472447878409,0.22399382495648923,0.967199738802504,0.829671555572605,0.001650952027420941,0.015650347226549496,0.0012520277781239598,0.012144766089377493,0.0035055811371720045,0.0024574749609280314,4,0.003912586806637374,True,0.20449741082723596,0.015293377597725045,0.1221011378615197,6.431561388737962,18.066621865008848,0.16457416064384872,4,5,0.007784928742867601,,512,0.6953125,0.6541115676165162,0.7336044574917328,0.0625,0.2421875,0.0,0.6953125,0.0,True,0.5078125,1.0,0.515625,0.7578125,32,0,0,0,124,124,0,0.2972997517050431,4.812962835868492,0.380859375,425.5,True,True,4b48175be47dc1271539775bf3bbddd9209af8d843a7599fbf182f2100e035e0,7a2307a461c7a58d712e0d037bb98e127079c9d483be60ef69618e1c4394316d
l1a-gs-v2-084-7fbadd6e3c,7fbadd6e3cd0a45f040fa53ae4e655215b5b052d9d3a64c22ac16494b4e0e692,84,primary,False,SCREENING_L1A_FIELD_TEST_PARTICLE_WALL_LOSS,0.1371104886844079,0.004812586806637374,0.6534887139023628,0.001765237741706655,0.0007994922017529918,0.0007146970732633695,0.0038294041438857477,1.2056946132088935,0.2361677379999675,0.0016824974231934853,0.861929620088734,0.001765237741706655,0.014437760419912122,0.0011550208335929697,0.011028027199756015,0.0034097332201561063,0.002031062905745764,3,0.004812586806637374,True,0.35925894151310794,0.23612029122584408,0.23612029122584408,5.507698513565324,24.8544934478747,0.20819163417687786,3,4,0.005389323339517516,,512,0.69140625,0.6500941921096665,0.7298675124964175,0.048828125,0.259765625,0.0,0.689453125,0.001953125,True,0.8125,0.515625,1.0,0.4375,24,1,0,0,133,133,0,0.193775526793171,4.502193683732782,0.28515625,954.0,True,True,1d5abbc7686b3fde92f75473ecf917016effa1d88af1e891536ca9409a927b63,7741a1d3e8c55beda7126c223ff909c6b75277085c2a9891d4b2f870716a3700
l1a-gs-v2-085-3164dd7be8,3164dd7be83ee0f141365507f285e20af6222935575b698a0d80720c3d770102,85,extension,False,SCREENING_L1A_FIELD_TEST_PARTICLE_WALL_LOSS,0.6371104886844079,0.0060125868066373735,0.6650087139023628,0.0018795234559923694,0.0008358558381166281,0.000749312457878754,0.003935286496826925,1.2346419816299463,0.24834165104344574,0.03616525604388321,0.894187684604863,0.0018795234559923694,0.024050347226549494,0.0019240277781239596,0.018077644288140036,0.005972702938409458,0.0021852426808504815,4,0.0060125868066373735,True,0.40331581436601444,0.008511728571130027,0.2734130575626067,5.420325451077122,10.646907302822347,0.4494274254692071,4,5,0.004279947937018999,,512,0.796875,0.7598748962512072,0.8294534619133311,0.0078125,0.1953125,0.0,0.796875,0.0,True,0.9140625,1.0,0.2734375,1.0,0,0,4,0,101,100,0,0.12480734227862253,4.1606052940804075,0.365234375,1097.0,True,True,7d289c151d0bb5977a9438b067dbb910fda69b096308eb69f3ecf4ddfa94b6a4,44eb566bce6a9dd6da47b0cb19df134d4c229b9434c9c63defa20875c421ec18
l1a-gs-v2-086-fbb26d4705,fbb26d47057b6a62f907198e9c20c84c5e9613e838bae574750303227102a4c6,86,extension,False,SCREENING_L1A_FIELD_TEST_PARTICLE_WALL_LOSS,0.012110488684407894,0.004212586806637374,0.7130087139023628,0.0019938091702780838,0.0008722194744802646,0.0007839278424941387,0.002241168849768101,1.26511289575737,0.260515564086924,0.07064801466457293,0.9264457491209921,0.0019938091702780838,0.012637760419912122,0.0010110208335929699,0.009345427135323315,0.003292333284588808,0.0023421810766448546,3,0.004212586806637374,True,0.2259155254971328,0.11200907639127862,0.11200907639127862,3.3195098194233905,13.070577581467695,0.11569956422098944,3,4,0.005928047186674043,,512,0.6875,0.6460801256647815,0.7261272584391376,0.0625,0.25,0.0,0.689453125,0.001953125,True,0.75,0.4609375,1.0,0.5390625,32,0,0,0,127,128,0,0.28772374687681906,3.381202831705445,0.34765625,603.5,True,True,ccdbd0f6654a3ffe9998113510cad14dd7109ad3d7b20b1e6112216cb03eb7af,597412ae2bf505d884bbc27267af74e67e5d74f6c2f24117624d5b8560551c6e
l1a-gs-v2-087-8428d611f2,8428d611f20052772acbc056b86c87b803776df9358d1af1fd15a037eb7fcf7b,87,extension,False,SCREENING_L1A_FIELD_TEST_PARTICLE_WALL_LOSS,0.5121104886844079,0.005112586806637374,0.5210087139023628,0.0021244214151760433,0.0005118888959678678,0.00036854322710952334,0.002347051202709277,1.2940602641784227,0.27268947713040226,0.10513077328526244,0.9587038136371211,0.0021244214151760433,0.020450347226549495,0.0016360277781239595,0.014873752734206542,0.0055765944923429536,0.0025212543506088797,4,0.005112586806637374,True,0.30920393161868664,0.004667691671250531,0.15681379671898932,5.236283648970278,6.84462881175574,0.13141554875756595,4,5,0.005161416395670087,,512,0.82421875,0.7888685481260529,0.8547400535536402,0.001953125,0.173828125,0.0,0.82421875,0.0,True,1.0,0.7734375,0.53125,0.9921875,0,0,1,0,89,89,0,0.20439446025250133,3.5529329252150927,0.388671875,825.5,True,True,feb8c4ddbf9b03454a399e5eedcc7ac4ffa3996651a99a9327c4223bc9825762,25123dbb0d9fb6ae655a5f1c4eaccaf1799454c3e89b5fe2ff94d8e4a85bb1dc
l1a-gs-v2-088-54d047707b,54d047707bac6d4275c4f66c614ad5cdc761da1de770416e54fd1c93c3fac5e9,88,primary,False,SCREENING_L1A_FIELD_TEST_PARTICLE_WALL_LOSS,0.2621104886844079,0.0063125868066373735,0.5690087139023629,0.001438707129461757,0.0005482525323315041,0.000405821333618399,0.0024529335556504536,0.7730076325994752,0.0048633901738804755,0.13961353190595238,0.9909618781532501,0.001438707129461757,0.01893776041991212,0.0015150208335929696,0.01893776041991212,0.0,0.001438707129461757,3,0.0063125868066373735,False,0.24386169825313203,0.1905761202315555,0.1905761202315555,9.541401156869156,5.707113324002633,0.04635907419802592,3,4,0.00533436390711793,,512,0.765625,0.7270378376472112,0.8002559565000072,0.0,0.234375,0.0,0.765625,0.0,True,1.0,0.75,0.5625,0.75,0,0,0,0,120,120,0,0.2601082803324533,7.000817972426225,0.39453125,568.0,True,True,cd257d13aed4d50edb2920e544e15cd79dec10f739f5007245b4e5776ee5547b,953a4b58b8f4479aaf20fdf60e585d62566412ee1ddde2f15f48d30f2f0c27df
l1a-gs-v2-089-8275bc9272,8275bc92725e50696f393f613cd97cc2714e2778c279345d0c5024ea708a121d,89,extension,False,SCREENING_L1A_FIELD_TEST_PARTICLE_WALL_LOSS,0.7621104886844079,0.004512586806637374,0.6170087139023628,0.0015529928437474716,0.0005846161686951406,0.00044043671823378364,0.00255881590859163,0.801955001020528,0.01703730321735879,0.17409629052664188,0.0232199426693791,0.0015529928437474716,0.02256293403318687,0.0018050347226549496,0.0221785224845902,0.00038441154859666883,0.0018805713729683916,5,0.004512586806637374,True,0.2379572893504473,0.11886971112802582,0.13608254903294487,5.970083155525515,7.627469929724418,0.06664664183451588,5,6,0.00654887820673071,,512,0.59375,0.5506634111099826,0.6354402809419768,0.0625,0.34375,0.0,0.59765625,0.00390625,True,0.3046875,0.5625,0.75,0.7578125,8,4,20,0,174,176,0,0.3420428918313797,4.482529180702969,0.291015625,444.5,True,True,398f7e5e85c991a0887d155b80f3ca4d4b0659fdd2cbf17312df2cd9a2fa374f,37d53bf45ef9d283f2561c08a31a37129d0e175a153ae50ed6a526dab00d4c64
l1a-gs-v2-090-7ab4ba4fd8,7ab4ba4fd8a6672c32a82a2b641d03a943494d3c4d0590407ccca7e2731ce5c2,90,extension,False,SCREENING_L1A_FIELD_TEST_PARTICLE_WALL_LOSS,0.855860488684408,0.0054125868066373746,0.6746087139023628,0.001667278558033186,0.0006209798050587768,0.00047505210284916826,0.0026646982615328063,0.8309023694415806,0.029211216260837045,0.20857904914733139,0.055478007185508105,0.001667278558033186,0.027062934033186867,0.0021650347226549495,0.02627239281449068,0.0007905412186961885,0.002039086123442567,5,0.005412586806637374,True,0.23585229445873246,0.1495167215030248,0.1662334832834191,6.925214300862609,5.478310838527507,0.12073791071276192,5,6,0.005378099390596024,,512,0.509765625,0.46655313914706253,0.5528326621083499,0.09375,0.396484375,0.0,0.509765625,0.0,True,0.265625,0.5234375,0.75,0.5,16,0,32,0,203,203,0,0.3170780074870617,7.408098743012946,0.30078125,449.0,True,True,fb98bc7b0bd9bb369fc9f63af968266a19eb41b68d2fba2bf300d4c8476d0dbe,419b6c3a3471d8ad1e65564356532c329571e164295c6f47921f6663b3673eed
l1a-gs-v2-091-1aab0b78cb,1aab0b78cb98164d47653d1356ef3f235665506269ec28bcade348e3ae485701,91,extension,False,SCREENING_L1A_FIELD_TEST_PARTICLE_WALL_LOSS,0.3558604886844079,0.005457031251081819,0.4826087139023628,0.0017815642723189,0.0006573434414224133,0.0005096674874645529,0.0027705806144739833,0.8598497378626332,0.0413851293043153,0.24306180776802133,0.08773607170163711,0.0017815642723189,0.021828125004327275,0.001746250000346182,0.020924765228552432,0.0009033597757748423,0.0022003594946063973,4,0.005457031251081819,True,0.198122409501569,0.01266344999610504,0.12553935494649737,5.1614132155555215,6.5485375896046305,0.07382604696235247,4,5,0.0051193317075248325,,512,0.869140625,0.8371591247862454,0.8956241626683451,0.068359375,0.0625,0.0,0.869140625,0.0,True,0.734375,1.0,1.0,0.7421875,2,1,32,0,32,32,0,0.2562516704102998,3.2852660230595827,0.4921875,558.5,True,True,a694f66f257c47f0b1bdb871d001fd58327d1bf552ced5efb591fcb1be280417,aebcf9fc74e2d92634010bd71b67750305137cbdabb6a6f3804a2c361a741669
l1a-gs-v2-092-d532fb20ca,d532fb20ca093c775bb0226b978824278c94c0a2acecddc8e478141175c3de9e,92,primary,False,SCREENING_L1A_FIELD_TEST_PARTICLE_WALL_LOSS,0.1058604886844079,0.0063570312510818185,0.5306087139023629,0.0018958499866046144,0.0006937070777860496,0.0005442828720799374,0.002876462967415159,0.8887971062836859,0.05355904234779355,0.27754456638871083,0.11999413621776611,0.0018958499866046144,0.019071093753245456,0.0015256875002596366,0.018049664235296643,0.0010214295179488144,0.0023643914864598836,3,0.0063570312510818185,True,0.23818328047861836,0.15931278108426797,0.15931278108426797,5.5965387455071705,6.495558005257547,0.09499090185717678,3,4,0.003906926670362752,,512,0.82421875,0.7888685481260529,0.8547400535536402,0.05078125,0.125,0.0,0.82421875,0.0,True,1.0,0.75,0.75,0.796875,0,0,26,0,64,64,0,0.23928621792566562,1.6133146074757798,0.431640625,714.5,True,True,a0db568fbd466709b77080568980b25731275539f89f57dfce9ff89ce46bb45f,f52f00f7d25cb5931785050fcb6d48e611193b7ef128d73e43637dadb98a3701
l1a-gs-v2-093-27025a655c,27025a655c6c9825fe72df1a3d7208930579f94de2bf79dd95cf07e304f287fd,93,extension,False,SCREENING_L1A_FIELD_TEST_PARTICLE_WALL_LOSS,0.6058604886844079,0.004557031251081818,0.5786087139023628,0.0020101357008903285,0.000730070714149686,0.0005788982566953221,0.002982345320356336,0.9177444747047385,0.0657329553912718,0.31202732500940034,0.15225220073389512,0.0020101357008903285,0.018228125004327272,0.0014582500003461818,0.0170299364765513,0.0011981885277759707,0.002531182099003024,4,0.004557031251081818,True,0.2021985808194255,0.012693000186094679,0.09810103160017276,7.728750505151928,7.75696789203762,0.09755873977456647,4,5,0.005876660065601444,,512,0.75,0.71072470186089,0.7855518102776686,0.138671875,0.111328125,0.0,0.75,0.0,True,0.5,1.0,1.0,0.5,32,25,14,0,57,57,0,0.2736455068072827,1.1956593646120728,0.38671875,545.5,True,True,091c68a69060085f3e7530ec3406ce15ae6df1356dea37bdd7c26c61795afef3,34210f2d85e6da9d90cc53b8ad83260e4a7ba7d35a126a612b8dc12f2e98635c
l1a-gs-v2-094-ba60c4fe8b,ba60c4fe8bae502f2f36942acd56a6c0d12c073f3a6947730014cc7c8a45daad,94,extension,False,SCREENING_L1A_FIELD_TEST_PARTICLE_WALL_LOSS,0.980860488684408,0.005757031251081819,0.6266087139023628,0.002140747945788288,0.0007664343505133222,0.0006135136413107068,0.003088227673297512,0.9466918431257911,0.07790686843475013,0.3465100836300903,0.18451026525002434,0.002140747945788288,0.028785156255409092,0.0023028125004327274,0.02654259487414521,0.002242561381263881,0.0027214869000606466,5,0.005757031251081819,True,0.22286859213923746,0.12607823085895295,0.145814128925477,6.087057132813756,6.975425071905251,0.22527441812480575,5,6,0.004409501022133035,,512,0.37890625,0.3379349268668965,0.42168113756598913,0.123046875,0.498046875,0.0,0.37890625,0.0,True,0.2578125,0.4765625,0.515625,0.265625,30,33,0,0,255,255,0,0.30338519777434303,9.328786906927402,0.2265625,469.0,True,True,7a10a42ac9c1332d408b22b2bbe48fa7608ef3f96a609920ed0ac21f45604053,26bc39d5df16ed7d05d170bb74d935f3830285fbe97a6f67a6cfe8d72aaf93b0
l1a-gs-v2-095-27f6ceb96c,27f6ceb96c3298f87b810da4f8c2da741265b74bbf91892d5e33f2e1344de522,95,primary,False,SCREENING_L1A_FIELD_TEST_PARTICLE_WALL_LOSS,0.4808604886844079,0.003957031251081818,0.6842087139023628,0.001455033660074002,0.0008027979868769587,0.0006481290259260914,0.003200338399941111,0.9756392115468437,0.09008078147822832,0.3809928422507798,0.21676832976615334,0.001455033660074002,0.015828125004327273,0.0012662500003461819,0.014402315134602387,0.0014258098697248866,0.0018673138024878544,4,0.003957031251081818,True,0.21036132113727365,0.010507541504454994,0.13263353704302688,11.962273869971511,19.39914662141306,0.10380830094762447,4,5,0.008288477698768781,,512,0.75,0.71072470186089,0.7855518102776686,0.125,0.125,0.0,0.75,0.0,True,0.5,1.0,1.0,0.5,32,32,0,0,64,64,0,0.2600657895390326,1.6409482636280273,0.45703125,440.5,True,True,9a404edbf9dc8096d7793238a9f6a6a3542782efe2a4bf6fe9f31e66893b14a2,f5947753cd866e64e21c03f67f57e9dbc97fb06784210e3300ea18ed931b0b68
